year,company,what,source,note
1951,GEICO,wrote "The Security I Like Best" about it at age 21,1951 Commercial and Financial Chronicle,"argued the market was not paying for GEICO's growth at about 8x 1950 earnings"
1972,See's Candies,bought by Blue Chip Stamps (Berkshire affiliate) for $25 million,1977 and 1991 letters,"pre-tax earnings grew from $4.2M (1972) to $12.6M (1977) with little additional capital; 1991 letter: he and Munger did not yet appreciate the value of an economic franchise and would not pay more than $25M"
1973,The Washington Post Co.,"467,150 class B shares for $10.6 million",1975 letter,"""our largest equity investment ... which we expect to hold permanently"""
1976,GEICO,began buying when the company was near bankruptcy; over 20% stake by 1980,1980 letter,bought the rest of GEICO in a deal that closed in January 1996 (1995 letter)
1985,Capital Cities/ABC,"3,000,000 shares at $172.50 ($517.5 million) to finance the ABC acquisition",1984 and 1988 letters,admired Tom Murphy and Dan Burke as managers
1988,The Coca-Cola Co.,"14,172,500 shares for $592.5 million by end-1988; 23,350,000 shares by end-1989",1988 and 1989 letters,"""our favorite holding period is forever"" (1988 letter, about Coca-Cola and Freddie Mac)"
1988,Freddie Mac (preferred),"2,400,000 shares for $71.7 million",1988 letter,
1989,Gillette (convertible preferred),"$600 million, 8 3/4% dividend, convertible at $50",1989 letter,
1990,Wells Fargo,"bought in 1989-90; ""a superbly-managed, high-return banking operation""",1990 letter,
1991,American Express (Percs),$300 million private purchase,1991 and 1995 letters,later converted and added to the common position in 1994-95
2009,Burlington Northern Santa Fe,acquired the whole railroad (closed February 2010),2009 letter,"Berkshire's largest acquisition at the time; added about 65,000 shareholders"
2016,Apple,"61.2 million shares at end-2016, 166.7 million at end-2017 (cost $20.96 billion)",2016 and 2017 letters; 13F,the clearest break from his early avoidance of technology
