year,kind,title,urls
1951,article,The Security I Like Best (GEICO; Commercial and Financial Chronicle),https://hedgefundalpha.com/stocks/warren-buffett-age-21-the-security-i-like-best-1951/
1977,article,How Inflation Swindles the Equity Investor (Fortune),https://fortune.com/article/buffett-how-inflation-swindles-the-equity-investor-fortune-classics-1977 | https://www.rbcpa.com/?p=513
1984,lecture,The Superinvestors of Graham-and-Doddsville (Columbia),https://www.lapasserelle.com/courses/advanced_finance/documents/TheSuperinvestorsofGraham-and-Doddsville-WarrenE.Buffett.pdf
1991,lecture,Three lectures at Notre Dame,https://www.valuewalk.com/transcript-of-warren-buffett-lecture-1991/ | https://hedgefundalpha.com/education/archives-lectures-warren-buffett-notre-dame-faculty/
1996,manual,An Owner's Manual (Berkshire),https://www.berkshirehathaway.com/ownman.pdf
1998,lecture,University of Florida School of Business,https://www.rbcpa.com/wp-content/uploads/2016/12/Buffett_UofFL_19981015.pdf | https://hedgefundalpha.com/education/archives-warren-buffett-lecture-university-florida-school-business/
1999,lecture,Mr. Buffett on the Stock Market (Sun Valley talks; Fortune),https://fortune.com/1999/11/22/warren-buffett-on-stock-market/ | https://www.berkshirehathaway.com/1999ar/FortuneMagazine.pdf
2001,lecture,Warren Buffett on the Stock Market (Fortune),https://fortune.com/2001/12/10/warren-buffett-stock-market/
2005,lecture,University of Kansas students Q&A (notes),https://www.rbcpa.com/warren-e-buffett/buffett-talks-to-university-of-kansas-students-on-may-6-2005/
2008,article,Buy American. I Am. (New York Times),https://www.rbcpa.com/warren-e-buffett/ny-times-op-ed-october-17-2008-buy-american-i-am/ | https://www.nytimes.com/2008/10/17/opinion/17buffett.html
2021,letter,Comments on annual gift to five foundations (June 2021),https://www.berkshirehathaway.com/news/jun2321.pdf
2023,letter,Thanksgiving letter (November 2023),https://www.berkshirehathaway.com/news/nov2123.pdf
2024,letter,Thanksgiving letter (November 2024),https://www.berkshirehathaway.com/news/nov2524.pdf
2025,letter,Thanksgiving letter (November 2025; last as CEO),https://www.berkshirehathaway.com/news/nov1025.pdf
2025,letter_abel,2025 shareholder letter (by Greg Abel; not Buffett),https://www.berkshirehathaway.com/letters/2025ltr.pdf
1994,meetings,Buffett FAQ: annual meeting and talk answers by topic (buffettfaq.com),https://buffettfaq.com/
