kind,year,title,url,status,chars,path
article,1951,The Security I Like Best (GEICO; Commercial and Financial Chronicle),https://hedgefundalpha.com/stocks/warren-buffett-age-21-the-security-i-like-best-1951/,ok,6982,cache/corpus/lectures/1951_The_Security_I_Like_Best_GEICO_Commercial_and_Financial_Chro.txt
article,1977,How Inflation Swindles the Equity Investor (Fortune),https://fortune.com/article/buffett-how-inflation-swindles-the-equity-investor-fortune-classics-1977,ok,40072,cache/corpus/lectures/1977_How_Inflation_Swindles_the_Equity_Investor_Fortune_.txt
article,2008,Buy American. I Am. (New York Times),https://www.rbcpa.com/warren-e-buffett/ny-times-op-ed-october-17-2008-buy-american-i-am/,ok,4391,cache/corpus/lectures/2008_Buy_American_I_Am_New_York_Times_.txt
lecture,1984,The Superinvestors of Graham-and-Doddsville (Columbia),https://www.lapasserelle.com/courses/advanced_finance/documents/TheSuperinvestorsofGraham-and-Doddsville-WarrenE.Buffett.pdf,ok,36332,cache/corpus/lectures/1984_The_Superinvestors_of_Graham_and_Doddsville_Columbia_.txt
lecture,1991,Three lectures at Notre Dame,https://www.valuewalk.com/transcript-of-warren-buffett-lecture-1991/,ok,2845,cache/corpus/lectures/1991_Three_lectures_at_Notre_Dame.txt
lecture,1998,University of Florida School of Business,https://www.rbcpa.com/wp-content/uploads/2016/12/Buffett_UofFL_19981015.pdf,ok,77214,cache/corpus/lectures/1998_University_of_Florida_School_of_Business.txt
lecture,1999,Mr. Buffett on the Stock Market (Sun Valley talks; Fortune),https://fortune.com/1999/11/22/warren-buffett-on-stock-market/,ok,25713,cache/corpus/lectures/1999_Mr_Buffett_on_the_Stock_Market_Sun_Valley_talks_Fortune_.txt
lecture,2001,Warren Buffett on the Stock Market (Fortune),https://fortune.com/2001/12/10/warren-buffett-stock-market/,ok,27801,cache/corpus/lectures/2001_Warren_Buffett_on_the_Stock_Market_Fortune_.txt
lecture,2005,University of Kansas students Q&A (notes),https://www.rbcpa.com/warren-e-buffett/buffett-talks-to-university-of-kansas-students-on-may-6-2005/,ok,22256,cache/corpus/lectures/2005_University_of_Kansas_students_Q_A_notes_.txt
letter,1972,Shareholder letter 1972,https://www.rbcpa.com/wp-content/uploads/2023/06/1972.03.13.html,ok,9019,cache/corpus/letters/1972.txt
letter,1973,Shareholder letter 1973,https://www.rbcpa.com/wp-content/uploads/2016/12/berkshire_1973_-letter.pdf,ok,11971,cache/corpus/letters/1973.txt
letter,1974,Shareholder letter 1974,https://www.rbcpa.com/wp-content/uploads/2023/06/1974_Berkshire_Letter.html,ok,11505,cache/corpus/letters/1974.txt
letter,1975,Shareholder letter 1975,https://www.rbcpa.com/wp-content/uploads/2023/06/1975_Berkshire_Letter.html,ok,14125,cache/corpus/letters/1975.txt
letter,1976,Shareholder letter 1976,https://www.rbcpa.com/wp-content/uploads/2016/12/1976.pdf,ok,13866,cache/corpus/letters/1976.txt
letter,1977,Shareholder letter 1977,https://www.berkshirehathaway.com/letters/1977.html,ok,20895,cache/corpus/letters/1977.txt
letter,1978,Shareholder letter 1978,https://www.berkshirehathaway.com/letters/1978.html,ok,29909,cache/corpus/letters/1978.txt
letter,1979,Shareholder letter 1979,https://www.berkshirehathaway.com/letters/1979.html,ok,43647,cache/corpus/letters/1979.txt
letter,1980,Shareholder letter 1980,https://www.berkshirehathaway.com/letters/1980.html,ok,50030,cache/corpus/letters/1980.txt
letter,1981,Shareholder letter 1981,https://www.berkshirehathaway.com/letters/1981.html,ok,46285,cache/corpus/letters/1981.txt
letter,1982,Shareholder letter 1982,https://www.berkshirehathaway.com/letters/1982.html,ok,54050,cache/corpus/letters/1982.txt
letter,1983,Shareholder letter 1983,https://www.berkshirehathaway.com/letters/1983.html,ok,75490,cache/corpus/letters/1983.txt
letter,1984,Shareholder letter 1984,https://www.berkshirehathaway.com/letters/1984.html,ok,83719,cache/corpus/letters/1984.txt
letter,1985,Shareholder letter 1985,https://www.berkshirehathaway.com/letters/1985.html,ok,88270,cache/corpus/letters/1985.txt
letter,1986,Shareholder letter 1986,https://www.berkshirehathaway.com/letters/1986.html,ok,88730,cache/corpus/letters/1986.txt
letter,1987,Shareholder letter 1987,https://www.berkshirehathaway.com/letters/1987.html,ok,80518,cache/corpus/letters/1987.txt
letter,1988,Shareholder letter 1988,https://www.berkshirehathaway.com/letters/1988.html,ok,75615,cache/corpus/letters/1988.txt
letter,1989,Shareholder letter 1989,https://www.berkshirehathaway.com/letters/1989.html,ok,91326,cache/corpus/letters/1989.txt
letter,1990,Shareholder letter 1990,https://www.berkshirehathaway.com/letters/1990.html,ok,99249,cache/corpus/letters/1990.txt
letter,1991,Shareholder letter 1991,https://www.berkshirehathaway.com/letters/1991.html,ok,61154,cache/corpus/letters/1991.txt
letter,1992,Shareholder letter 1992,https://www.berkshirehathaway.com/letters/1992.html,ok,74183,cache/corpus/letters/1992.txt
letter,1993,Shareholder letter 1993,https://www.berkshirehathaway.com/letters/1993.html,ok,72914,cache/corpus/letters/1993.txt
letter,1994,Shareholder letter 1994,https://www.berkshirehathaway.com/letters/1994.html,ok,63572,cache/corpus/letters/1994.txt
letter,1995,Shareholder letter 1995,https://www.berkshirehathaway.com/letters/1995.html,ok,75720,cache/corpus/letters/1995.txt
letter,1996,Shareholder letter 1996,https://www.berkshirehathaway.com/letters/1996.html,ok,75969,cache/corpus/letters/1996.txt
letter,1997,Shareholder letter 1997,https://www.berkshirehathaway.com/letters/1997.html,ok,74568,cache/corpus/letters/1997.txt
letter,1998,Shareholder letter 1998,https://www.berkshirehathaway.com/letters/1998.html,ok,517,cache/corpus/letters/1998.txt
letter,1998,Shareholder letter 1998,https://www.berkshirehathaway.com/letters/1998pdf.pdf,ok,68902,cache/corpus/letters/1998.txt
letter,1998,Shareholder letter 1998,https://www.berkshirehathaway.com/letters/1998htm.html,ok,71441,cache/corpus/letters/1998.txt
letter,1999,Shareholder letter 1999,https://www.berkshirehathaway.com/letters/1999.html,ok,517,cache/corpus/letters/1999.txt
letter,1999,Shareholder letter 1999,https://www.berkshirehathaway.com/letters/final1999pdf.pdf,ok,74638,cache/corpus/letters/1999.txt
letter,1999,Shareholder letter 1999,https://www.berkshirehathaway.com/letters/1999htm.html,ok,92196,cache/corpus/letters/1999.txt
letter,2000,Shareholder letter 2000,https://www.berkshirehathaway.com/letters/2000.html,ok,517,cache/corpus/letters/2000.txt
letter,2000,Shareholder letter 2000,https://www.berkshirehathaway.com/letters/2000pdf.pdf,ok,82405,cache/corpus/letters/2000.txt
letter,2001,Shareholder letter 2001,https://www.berkshirehathaway.com/letters/2001.html,ok,517,cache/corpus/letters/2001.txt
letter,2001,Shareholder letter 2001,https://www.berkshirehathaway.com/letters/2001pdf.pdf,ok,76983,cache/corpus/letters/2001.txt
letter,2002,Shareholder letter 2002,https://www.berkshirehathaway.com/letters/2002.html,ok,315,cache/corpus/letters/2002.txt
letter,2002,Shareholder letter 2002,https://www.berkshirehathaway.com/letters/2002pdf.pdf,ok,91853,cache/corpus/letters/2002.txt
letter,2003,Shareholder letter 2003,https://www.berkshirehathaway.com/letters/2003.html,ok,308,cache/corpus/letters/2003.txt
letter,2003,Shareholder letter 2003,https://www.berkshirehathaway.com/letters/2003ltr.pdf,ok,86085,cache/corpus/letters/2003.txt
letter,2004,Shareholder letter 2004,https://www.berkshirehathaway.com/letters/2004ltr.pdf,ok,95726,cache/corpus/letters/2004.txt
letter,2005,Shareholder letter 2005,https://www.berkshirehathaway.com/letters/2005ltr.pdf,ok,85211,cache/corpus/letters/2005.txt
letter,2006,Shareholder letter 2006,https://www.berkshirehathaway.com/letters/2006ltr.pdf,ok,91160,cache/corpus/letters/2006.txt
letter,2007,Shareholder letter 2007,https://www.berkshirehathaway.com/letters/2007ltr.pdf,ok,77592,cache/corpus/letters/2007.txt
letter,2008,Shareholder letter 2008,https://www.berkshirehathaway.com/letters/2008ltr.pdf,ok,79676,cache/corpus/letters/2008.txt
letter,2009,Shareholder letter 2009,https://www.berkshirehathaway.com/letters/2009ltr.pdf,ok,68194,cache/corpus/letters/2009.txt
letter,2010,Shareholder letter 2010,https://www.berkshirehathaway.com/letters/2010ltr.pdf,ok,90525,cache/corpus/letters/2010.txt
letter,2011,Shareholder letter 2011,https://www.berkshirehathaway.com/letters/2011ltr.pdf,ok,82252,cache/corpus/letters/2011.txt
letter,2012,Shareholder letter 2012,https://www.berkshirehathaway.com/letters/2012ltr.pdf,ok,82879,cache/corpus/letters/2012.txt
letter,2013,Shareholder letter 2013,https://www.berkshirehathaway.com/letters/2013ltr.pdf,ok,79509,cache/corpus/letters/2013.txt
letter,2014,Shareholder letter 2014,https://www.berkshirehathaway.com/letters/2014ltr.pdf,ok,139435,cache/corpus/letters/2014.txt
letter,2015,Shareholder letter 2015,https://www.berkshirehathaway.com/letters/2015ltr.pdf,ok,100136,cache/corpus/letters/2015.txt
letter,2016,Shareholder letter 2016,https://www.berkshirehathaway.com/letters/2016ltr.pdf,ok,97811,cache/corpus/letters/2016.txt
letter,2017,Shareholder letter 2017,https://www.berkshirehathaway.com/letters/2017ltr.pdf,ok,55345,cache/corpus/letters/2017.txt
letter,2018,Shareholder letter 2018,https://www.berkshirehathaway.com/letters/2018ltr.pdf,ok,45515,cache/corpus/letters/2018.txt
letter,2019,Shareholder letter 2019,https://www.berkshirehathaway.com/letters/2019ltr.pdf,ok,46369,cache/corpus/letters/2019.txt
letter,2020,Shareholder letter 2020,https://www.berkshirehathaway.com/letters/2020ltr.pdf,ok,44763,cache/corpus/letters/2020.txt
letter,2021,Comments on annual gift to five foundations (June 2021),https://www.berkshirehathaway.com/news/jun2321.pdf,ok,7321,cache/corpus/lectures/2021_Comments_on_annual_gift_to_five_foundations_June_2021_.txt
letter,2021,Shareholder letter 2021,https://www.berkshirehathaway.com/letters/2021ltr.pdf,ok,33266,cache/corpus/letters/2021.txt
letter,2022,Shareholder letter 2022,https://www.berkshirehathaway.com/letters/2022ltr.pdf,ok,26431,cache/corpus/letters/2022.txt
letter,2023,Shareholder letter 2023,https://www.berkshirehathaway.com/letters/2023ltr.pdf,ok,45701,cache/corpus/letters/2023.txt
letter,2023,Thanksgiving letter (November 2023),https://www.berkshirehathaway.com/news/nov2123.pdf,ok,4255,cache/corpus/lectures/2023_Thanksgiving_letter_November_2023_.txt
letter,2024,Shareholder letter 2024,https://www.berkshirehathaway.com/letters/2024ltr.pdf,ok,36999,cache/corpus/letters/2024.txt
letter,2024,Thanksgiving letter (November 2024),https://www.berkshirehathaway.com/news/nov2524.pdf,ok,9364,cache/corpus/lectures/2024_Thanksgiving_letter_November_2024_.txt
letter,2025,Thanksgiving letter (November 2025; last as CEO),https://www.berkshirehathaway.com/news/nov1025.pdf,ok,20978,cache/corpus/lectures/2025_Thanksgiving_letter_November_2025_last_as_CEO_.txt
letter_abel,2025,2025 shareholder letter (by Greg Abel; not Buffett),https://www.berkshirehathaway.com/letters/2025ltr.pdf,ok,50843,cache/corpus/lectures/2025_2025_shareholder_letter_by_Greg_Abel_not_Buffett_.txt
manual,1996,An Owner's Manual (Berkshire),https://www.berkshirehathaway.com/ownman.pdf,ok,27349,cache/corpus/lectures/1996_An_Owner_s_Manual_Berkshire_.txt
meetings,1994,Buffett FAQ: annual meeting and talk answers by topic (buffettfaq.com),https://buffettfaq.com/,ok,1000026,cache/corpus/lectures/1994_Buffett_FAQ_annual_meeting_and_talk_answers_by_topic_buffett.txt
partnership,1959,Partnership letter 1959.02.11,https://www.rbcpa.com/wp-content/uploads/2016/12/1959.02.11.pdf,ok,7930,cache/corpus/partnership/1959.02.11.txt
partnership,1960,Partnership letter 1960.02.20,https://www.rbcpa.com/wp-content/uploads/2016/12/1960.02.20.pdf,ok,5649,cache/corpus/partnership/1960.02.20.txt
partnership,1961,Partnership letter 1961.01.30,https://www.rbcpa.com/wp-content/uploads/2016/12/1961.01.30.pdf,ok,15693,cache/corpus/partnership/1961.01.30.txt
partnership,1961,Partnership letter 1961.07.22,https://www.rbcpa.com/wp-content/uploads/2016/12/1961.07.22.pdf,ok,7841,cache/corpus/partnership/1961.07.22.txt
partnership,1962,Partnership letter 1962.01.24,https://www.rbcpa.com/wp-content/uploads/2016/12/1962.01.24.pdf,ok,25990,cache/corpus/partnership/1962.01.24.txt
partnership,1962,Partnership letter 1962.07.06,https://www.rbcpa.com/wp-content/uploads/2016/12/1962.07.06.pdf,ok,13193,cache/corpus/partnership/1962.07.06.txt
partnership,1962,Partnership letter 1962.12.24-1,https://www.rbcpa.com/wp-content/uploads/2016/12/1962.12.24-1.pdf,ok,2990,cache/corpus/partnership/1962.12.24-1.txt
partnership,1963,Partnership letter 1963.01.18,https://www.rbcpa.com/wp-content/uploads/2016/12/1963.01.18.pdf,ok,32387,cache/corpus/partnership/1963.01.18.txt
partnership,1963,Partnership letter 1963.07.10,https://www.rbcpa.com/wp-content/uploads/2016/12/1963.07.10.pdf,ok,14788,cache/corpus/partnership/1963.07.10.txt
partnership,1963,Partnership letter 1963.11.06,https://www.rbcpa.com/wp-content/uploads/2016/12/1963.11.06.pdf,ok,4052,cache/corpus/partnership/1963.11.06.txt
partnership,1963,Partnership letter 1963.12.26,https://www.rbcpa.com/wp-content/uploads/2016/12/1963.12.26.pdf,ok,3077,cache/corpus/partnership/1963.12.26.txt
partnership,1964,Partnership letter 1964.01.18,https://www.rbcpa.com/wp-content/uploads/2016/12/1964.01.18.pdf,ok,33495,cache/corpus/partnership/1964.01.18.txt
partnership,1964,Partnership letter 1964.07.08,https://www.rbcpa.com/wp-content/uploads/2016/12/1964.07.08.pdf,ok,11098,cache/corpus/partnership/1964.07.08.txt
partnership,1965,Partnership letter 1965.01.18,https://www.rbcpa.com/wp-content/uploads/2016/12/1965.01.18.pdf,ok,36147,cache/corpus/partnership/1965.01.18.txt
partnership,1965,Partnership letter 1965.07.09,https://www.rbcpa.com/wp-content/uploads/2016/12/1965.07.09.pdf,ok,10994,cache/corpus/partnership/1965.07.09.txt
partnership,1965,Partnership letter 1965.11.01,https://www.rbcpa.com/wp-content/uploads/2016/12/1965.11.01.pdf,ok,3442,cache/corpus/partnership/1965.11.01.txt
partnership,1966,Partnership letter 1966.01.20,https://www.rbcpa.com/wp-content/uploads/2016/12/1966.01.20.pdf,ok,33213,cache/corpus/partnership/1966.01.20.txt
partnership,1966,Partnership letter 1966.07.12,https://www.rbcpa.com/wp-content/uploads/2016/12/1966.07.12.pdf,ok,13876,cache/corpus/partnership/1966.07.12.txt
partnership,1966,Partnership letter 1966.11.01,https://www.rbcpa.com/wp-content/uploads/2016/12/1966.11.01.pdf,ok,7415,cache/corpus/partnership/1966.11.01.txt
partnership,1967,Partnership letter 1967.01.25,https://www.rbcpa.com/wp-content/uploads/2016/12/1967.01.25.pdf,ok,24040,cache/corpus/partnership/1967.01.25.txt
partnership,1967,Partnership letter 1967.07.12,https://www.rbcpa.com/wp-content/uploads/2016/12/1967.07.12.pdf,ok,6983,cache/corpus/partnership/1967.07.12.txt
partnership,1967,Partnership letter 1967.10.09,https://www.rbcpa.com/wp-content/uploads/2016/12/1967.10.09.pdf,ok,14268,cache/corpus/partnership/1967.10.09.txt
partnership,1967,Partnership letter 1967.11.01,https://www.rbcpa.com/wp-content/uploads/2016/12/1967.11.01.pdf,ok,3994,cache/corpus/partnership/1967.11.01.txt
partnership,1968,Partnership letter 1968.01.24,https://www.rbcpa.com/wp-content/uploads/2016/12/1968.01.24.pdf,ok,12286,cache/corpus/partnership/1968.01.24.txt
partnership,1968,Partnership letter 1968.07.11,https://www.rbcpa.com/wp-content/uploads/2016/12/1968.07.11.pdf,ok,8813,cache/corpus/partnership/1968.07.11.txt
partnership,1968,Partnership letter 1968.11.01,https://www.rbcpa.com/wp-content/uploads/2016/12/1968.11.01.pdf,ok,4140,cache/corpus/partnership/1968.11.01.txt
partnership,1969,Partnership letter 1969.01.22,https://www.rbcpa.com/wp-content/uploads/2016/12/1969.01.22.pdf,ok,16670,cache/corpus/partnership/1969.01.22.txt
partnership,1969,Partnership letter 1969.05.29,https://www.rbcpa.com/wp-content/uploads/2016/12/1969.05.29.pdf,ok,9076,cache/corpus/partnership/1969.05.29.txt
partnership,1970,Partnership letter 1970.04.03,https://www.rbcpa.com/wp-content/uploads/2023/06/1970.04.03.html,ok,5348,cache/corpus/partnership/1970.04.03.txt
rbcpa,1970,Berkshire Letter written by Ken Chase,https://www.rbcpa.com/warren-e-buffett/buffett-letters-1959-present/berkshire-letter-written-by-ken-chase/,ok,5587,cache/corpus/rbcpa/berkshire-letter-written-by-ken-chase.txt
rbcpa,1972,To the Stockholders of Berkshire Hathaway Inc.:,https://www.rbcpa.com/warren-e-buffett/buffett-letters-1959-present/to-the-stockholders-of-berkshire-hathaway-inc/,ok,9207,cache/corpus/rbcpa/to-the-stockholders-of-berkshire-hathaway-inc.txt
rbcpa,1973,To the Stockholders of Berkshire Hathaway Inc.:,https://www.rbcpa.com/warren-e-buffett/buffett-letters-1959-present/to-the-stockholders-of-berkshire-hathaway-inc-2/,ok,10740,cache/corpus/rbcpa/to-the-stockholders-of-berkshire-hathaway-inc-2.txt
rbcpa,1974,1974 Berkshire Letter,https://www.rbcpa.com/warren-e-buffett/buffett-letters-1959-present/1974-berkshire-letter/,ok,10791,cache/corpus/rbcpa/1974-berkshire-letter.txt
rbcpa,1975,1975 Berkshire Letter,https://www.rbcpa.com/warren-e-buffett/buffett-letters-1959-present/1975-berkshire-letter/,ok,13596,cache/corpus/rbcpa/1975-berkshire-letter.txt
rbcpa,1977,How Inflation Swindles The Equity Investor – Article written by WEB in Fortune May 1977,https://www.rbcpa.com/warren-e-buffett/how-inflation-swindles-the-equity-investor-article-written-by-web-in-fortune-may-1977/,ok,42271,cache/corpus/rbcpa/how-inflation-swindles-the-equity-investor-article-written-by-web-in-fortune-may-1977.txt
rbcpa,1992,Spring Meeting with Warren in Omaha ( I think in 1992),https://www.rbcpa.com/warren-e-buffett/spring-meeting-with-warren-in-omaha-i-think-in-1992/,ok,63012,cache/corpus/rbcpa/spring-meeting-with-warren-in-omaha-i-think-in-1992.txt
rbcpa,2003,Warren Buffett article on Trade imbalance and US Dollar,https://www.rbcpa.com/commentary-archive/warren-buffett-article-on-trade-imbalance-and-us-dollar/,ok,19923,cache/corpus/rbcpa/warren-buffett-article-on-trade-imbalance-and-us-dollar.txt
rbcpa,2005,"Buffett talks to University of Kansas Students on May 6, 2005",https://www.rbcpa.com/warren-e-buffett/buffett-talks-to-university-of-kansas-students-on-may-6-2005/,ok,22555,cache/corpus/rbcpa/buffett-talks-to-university-of-kansas-students-on-may-6-2005.txt
rbcpa,2005,"University of Kansas Business School Students – Q&A with Warren Buffett at Berkshire Headquarters December 2, 2005",https://www.rbcpa.com/warren-e-buffett/university-of-kansas-business-school-students-qa-with-warren-buffett-at-berkshire-headquarters-december-2-2005/,ok,16428,cache/corpus/rbcpa/university-of-kansas-business-school-students-qa-with-warren-buffett-at-berkshire-headquarters-decem.txt
rbcpa,2006,Notes to Charlie Rose interview of Warren Buffett,https://www.rbcpa.com/warren-e-buffett/notes-to-charlie-rose-interview-of-warren-buffett/,ok,22211,cache/corpus/rbcpa/notes-to-charlie-rose-interview-of-warren-buffett.txt
rbcpa,2008,"NY Times Op-Ed October 17, 2008 – “Buy American, I am”",https://www.rbcpa.com/warren-e-buffett/ny-times-op-ed-october-17-2008-buy-american-i-am/,ok,4690,cache/corpus/rbcpa/ny-times-op-ed-october-17-2008-buy-american-i-am.txt
rbcpa,2008,"WEB interview with Charlie Rose on October 1, 2008",https://www.rbcpa.com/warren-e-buffett/web-interview-with-charlie-rose-on-october-1-2008/,ok,64284,cache/corpus/rbcpa/web-interview-with-charlie-rose-on-october-1-2008.txt
rbcpa,2008,"WEB talks about Goldman Investment and Financial Crisis on CNBC on September 24, 2008",https://www.rbcpa.com/warren-e-buffett/web-talks-about-goldman-investment-and-financial-crisis-on-cnbc-on-september-24-2008/,ok,31471,cache/corpus/rbcpa/web-talks-about-goldman-investment-and-financial-crisis-on-cnbc-on-september-24-2008.txt
rbcpa,2008,Warren Buffett’s discussion on CNBC in regards to Mars – Wrigley deal,https://www.rbcpa.com/warren-e-buffett/warren-buffetts-discussion-on-cnbc-in-regards-to-mars-wrigley-deal/,ok,19215,cache/corpus/rbcpa/warren-buffetts-discussion-on-cnbc-in-regards-to-mars-wrigley-deal.txt
rbcpa,2008,"Warren Speaks to students at Emory University February 15, 2008",https://www.rbcpa.com/warren-e-buffett/warren-speaks-to-students-at-emory-university-february-15-2008/,ok,30799,cache/corpus/rbcpa/warren-speaks-to-students-at-emory-university-february-15-2008.txt
rbcpa,2008,"Warren speaks for 3 hours on CNBC March 3, 2008 – Here is transcript",https://www.rbcpa.com/warren-e-buffett/warren-speaks-for-3-hours-on-cnbc-march-3-2008-here-is-transcript/,ok,110514,cache/corpus/rbcpa/warren-speaks-for-3-hours-on-cnbc-march-3-2008-here-is-transcript.txt
rbcpa,2008,"Warren talks with The Terminator and Chris Matthews – October 22, 2008",https://www.rbcpa.com/warren-e-buffett/warren-talks-with-the-terminator-and-chris-matthews-october-22-2008/,ok,41598,cache/corpus/rbcpa/warren-talks-with-the-terminator-and-chris-matthews-october-22-2008.txt
rbcpa,2009,"Charlie Rose Interview with Warren Buffett on November 13, 2009",https://www.rbcpa.com/warren-e-buffett/charlie-rose-interview-with-warren-buffett-on-november-13-2009/,ok,65403,cache/corpus/rbcpa/charlie-rose-interview-with-warren-buffett-on-november-13-2009.txt
rbcpa,2009,"Dateline Interview with Tom Brokaw of NBC: The Complete Transcript aired on January 18, 2009",https://www.rbcpa.com/warren-e-buffett/dateline-interview-with-tom-brokaw-of-nbc-the-complete-transcript-aired-on-january-18-2009/,ok,48365,cache/corpus/rbcpa/dateline-interview-with-tom-brokaw-of-nbc-the-complete-transcript-aired-on-january-18-2009.txt
rbcpa,2009,NY Times Op Ed The Greenback Effect,https://www.rbcpa.com/warren-e-buffett/ny-times-op-ed-the-greenback-effect/,ok,6661,cache/corpus/rbcpa/ny-times-op-ed-the-greenback-effect.txt
rbcpa,2009,Notes from Dang Le an MBA student at Emory University’s Goizueta Business School on 2/26/09,https://www.rbcpa.com/warren-e-buffett/notes-from-dang-le-an-mba-student-at-emory-universitys-goizueta-business-school-on-22609/,ok,22657,cache/corpus/rbcpa/notes-from-dang-le-an-mba-student-at-emory-universitys-goizueta-business-school-on-22609.txt
rbcpa,2009,Notes to book “The Snowball – Warren Buffett and the Business of Life”,https://www.rbcpa.com/commentary-archive/notes-to-book-the-snowball-warren-buffett-and-the-business-of-life/,ok,7195,cache/corpus/rbcpa/notes-to-book-the-snowball-warren-buffett-and-the-business-of-life.txt
rbcpa,2009,Notes to book “The Snowball – Warren Buffett and the Business of Life”,https://www.rbcpa.com/warren-e-buffett/notes-to-book-the-snowball-warren-buffett-and-the-business-of-life/,ok,7186,cache/corpus/rbcpa/notes-to-book-the-snowball-warren-buffett-and-the-business-of-life.txt
rbcpa,2009,PBS Nightly Business Report Interview with Web on 1/22/09,https://www.rbcpa.com/warren-e-buffett/pbs-nightly-business-report-interview-with-web-on-12209/,ok,25930,cache/corpus/rbcpa/pbs-nightly-business-report-interview-with-web-on-12209.txt
rbcpa,2009,"Transcript of Buffett CNBC interview July 24, 2009",https://www.rbcpa.com/warren-e-buffett/transcript-of-buffett-cnbc-interview-july-24-2009/,ok,16976,cache/corpus/rbcpa/transcript-of-buffett-cnbc-interview-july-24-2009.txt
rbcpa,2009,"Transcript of Buffett on CNBC on November 3, 2009, discussing the Burlington Northern announcement to purchase",https://www.rbcpa.com/warren-e-buffett/transcript-of-buffett-on-cnbc-on-november-3-2009-discussing-the-burlington-northern-announcement-to-purchase/,ok,21657,cache/corpus/rbcpa/transcript-of-buffett-on-cnbc-on-november-3-2009-discussing-the-burlington-northern-announcement-to-.txt
rbcpa,2009,"Transcript of Warren Buffett’s discussion on CNBC on July 9, 2009, with Julia Boorstin",https://www.rbcpa.com/warren-e-buffett/transcript-of-warren-buffetts-discussion-on-cnbc-on-july-9-2009-with-julia-boorstin/,ok,16704,cache/corpus/rbcpa/transcript-of-warren-buffetts-discussion-on-cnbc-on-july-9-2009-with-julia-boorstin.txt
rbcpa,2009,"Transcript of Warren Buffett’s discussion on CNBC on June 24, 2009, with Becky Quick",https://www.rbcpa.com/warren-e-buffett/transcript-of-warren-buffetts-discussion-on-cnbc-on-june-24-2009-with-becky-quick/,ok,15854,cache/corpus/rbcpa/transcript-of-warren-buffetts-discussion-on-cnbc-on-june-24-2009-with-becky-quick.txt
rbcpa,2009,"Transcript of Warren Buffett’s discussion on CNBC on March 9, 2009, with Becky Quick",https://www.rbcpa.com/warren-e-buffett/transcript-of-warren-buffetts-discussion-on-cnbc-on-march-9-2009-with-becky-quick/,ok,141030,cache/corpus/rbcpa/transcript-of-warren-buffetts-discussion-on-cnbc-on-march-9-2009-with-becky-quick.txt
rbcpa,2009,"Transcript: Warren Buffett on What’s Next in the Payments Industry – October 10, 2009",https://www.rbcpa.com/warren-e-buffett/transcript-warren-buffett-on-whats-next-in-the-payments-industry-october-10-2009/,ok,16606,cache/corpus/rbcpa/transcript-warren-buffett-on-whats-next-in-the-payments-industry-october-10-2009.txt
rbcpa,2010,"CNBC Interview September 22, 2010",https://www.rbcpa.com/warren-e-buffett/cnbc-interview-september-22-2010/,ok,13923,cache/corpus/rbcpa/cnbc-interview-september-22-2010.txt
rbcpa,2010,"Q&A with Warren Buffett. The following were taken from various postings by Rice student, John S. Reuwer 2010.",https://www.rbcpa.com/warren-e-buffett/qa-with-warren-buffett-the-following-were-taken-from-various-postings-by-rice-student-john-s-reuwer-2010/,ok,12691,cache/corpus/rbcpa/qa-with-warren-buffett-the-following-were-taken-from-various-postings-by-rice-student-john-s-reuwer-.txt
rbcpa,2011,"CNBC Interview March 2, 2011",https://www.rbcpa.com/warren-e-buffett/cnbc-interview-march-2-2011/,ok,85175,cache/corpus/rbcpa/cnbc-interview-march-2-2011.txt
rbcpa,2011,Stop Coddling the Super-Rich – WEB OP-Ed in New York Times 8/15/11,https://www.rbcpa.com/warren-e-buffett/stop-coddling-the-super-rich-web-op-ed-in-new-york-times-81511/,ok,6035,cache/corpus/rbcpa/stop-coddling-the-super-rich-web-op-ed-in-new-york-times-81511.txt
rbcpa,2012,CNBC Transcript Warren Buffett and Carol Loomis on Squawk Box,https://www.rbcpa.com/warren-e-buffett/cnbc-transcript-warren-buffett-and-carol-loomis-on-squawk-box/,ok,36996,cache/corpus/rbcpa/cnbc-transcript-warren-buffett-and-carol-loomis-on-squawk-box.txt
rbcpa,2012,"CNBC Transcript: Warren Buffett on Squawk Box May 7, , 2012",https://www.rbcpa.com/warren-e-buffett/cnbc-transcript-warren-buffett-on-squawk-box-may-7-2012/,ok,138199,cache/corpus/rbcpa/cnbc-transcript-warren-buffett-on-squawk-box-may-7-2012.txt
rbcpa,2012,"CNBC Transcript: Warren Buffett on Squawk Box, February 27, 2012",https://www.rbcpa.com/warren-e-buffett/cnbc-transcript-warren-buffett-on-squawk-box-february-27-2012/,ok,141542,cache/corpus/rbcpa/cnbc-transcript-warren-buffett-on-squawk-box-february-27-2012.txt
rbcpa,2012,Warren Buffett’s $50 Billion Decision,https://www.rbcpa.com/warren-e-buffett/warren-buffetts-50-billion-decision/,ok,5877,cache/corpus/rbcpa/warren-buffetts-50-billion-decision.txt
rbcpa,2013,My favorite excerpts from Warren Buffett 2013 Shareholder Letter,https://www.rbcpa.com/commentary-archive/my-favorite-excerpts-from-warren-buffett-2013-shareholder-letter/,ok,7109,cache/corpus/rbcpa/my-favorite-excerpts-from-warren-buffett-2013-shareholder-letter.txt
rbcpa,2013,"My favorite quotes of Warren Buffett from a CNBC interview on May 6, 2013",https://www.rbcpa.com/commentary-archive/my-favorite-quotes-of-warren-buffett-from-a-cnbc-interview-on-may-6-2013/,ok,8294,cache/corpus/rbcpa/my-favorite-quotes-of-warren-buffett-from-a-cnbc-interview-on-may-6-2013.txt
rbcpa,2013,"Warren Buffett and Bill Gates appearing live on CNBC’s Squawk Box on Monday, May 6, 2013",https://www.rbcpa.com/warren-e-buffett/warren-buffett-and-bill-gates-appearing-live-on-cnbcs-squawk-box-on-monday-may-6-2013/,ok,139243,cache/corpus/rbcpa/warren-buffett-and-bill-gates-appearing-live-on-cnbcs-squawk-box-on-monday-may-6-2013.txt
rbcpa,2013,"Warren Buffett notes from University of Maryland’s Professor David Kass and Rahul Shah, MBA student on November 15, 2013",https://www.rbcpa.com/warren-e-buffett/warren-buffett-notes-from-university-of-marylands-professor-david-kass-and-rahul-shah-mba-student-on-november-15-2013/,ok,23392,cache/corpus/rbcpa/warren-buffett-notes-from-university-of-marylands-professor-david-kass-and-rahul-shah-mba-student-on.txt
rbcpa,2013,Warren E. Buffett,https://www.rbcpa.com/warren-e-buffett/,ok,8121,cache/corpus/rbcpa/warren-e-buffett.txt
rbcpa,2015,"Warren Buffett appeared live on CNBC’s Squawk Box on September 8, 2015",https://www.rbcpa.com/warren-e-buffett/warren-buffett-appeared-live-on-cnbcs-squawk-box-on-september-8-2015/,ok,19744,cache/corpus/rbcpa/warren-buffett-appeared-live-on-cnbcs-squawk-box-on-september-8-2015.txt
rbcpa,2017,"CNBC Transcript of Warren Buffett on October 3, 2017 “Squawk Box.”",https://www.rbcpa.com/3332/,ok,53496,cache/corpus/rbcpa/3332.txt
rbcpa,2017,"Transcript of Warren Buffett on PBS with Judy Woodruff on June 27, 2017",https://www.rbcpa.com/transcript-of-warren-buffett-on-pbs-with-judy-woodruff-on-june-27-2017/,ok,13357,cache/corpus/rbcpa/transcript-of-warren-buffett-on-pbs-with-judy-woodruff-on-june-27-2017.txt
