ticker,name,period,known,value,roe_avg,roe_min,debt_years,mos,pe,p_oe,growth,dilution,gm_last
NOV,NATIONAL OILWELL VARCO INC,2012-06-30,2012-08-14,183087000.0,0.13569373226487502,0.10986874088478367,0.09298245614035087,0.41713209889825886,13.767021344356097,14.40516384151446,0.1,0.19436619718309855,0.3067949242734343
DE,DEERE & CO,2012-09-30,2012-11-14,328129000.0,0.3043421788396909,0.15390172137357508,9.186714574606384,0.2762833029843702,11.746503977576488,17.886141226243424,0.1,-0.0716483516483516,0.3152862163217493
ADM,ARCHER DANIELS MIDLAND CO,2012-12-31,2013-02-14,163151000.0,0.11187937661428932,0.06609560353446645,3.7781846213143186,-0.3150422186919175,14.803589204053653,15.540591928375637,0.0,0.030959752321981338,0.04119589388800288
VRSN,VERISIGN INC,2012-12-31,2013-02-14,143079000.0,3.3642050771452796,-0.30090750405430067,0.24602041477401795,-0.5799874808970136,45.254364859685666,18.67159878485626,0.0,-0.2979298043389551,0.7859446771799197
VZ,VERIZON COMMUNICATIONS INC,2014-03-31,2014-05-15,524352000.0,0.05099592210039914,0.010207593282820329,18.20343800757986,-0.08361773152295848,11.891465523434357,26.780838221924544,0.1,0.011615628299894487,0.6276482787225218
T,AT&T INC,2015-09-30,2015-11-16,1932670000.0,0.11261133830574321,0.03622552779142767,7.185083656300217,-0.7310854979645665,27.324485259705767,20.457208852013878,0.0,-0.12074772650724153,0.5423754407423347
KMI,KINDER MORGAN INC DEL,2015-12-31,2016-02-16,395880000.0,0.044946809408248786,-0.00480149900456728,47.47079715864246,-inf,32.03582862385532,,0.0,,0.6130901023049427
AAPL,APPLE INC,2016-03-31,2016-05-16,1069382000.0,0.3900287051057557,0.30639603903060486,1.2343217306315943,0.39759479432043376,11.418958867656581,14.888014368937853,0.1,-0.11644082260164124,0.4005990201741437
AAL,AMERICAN AIRLS GROUP INC,2016-09-30,2016-11-14,797020000.0,1.0895693822088899,-0.14530185390587863,6.351351351351352,-inf,2.723091293756031,,0.0,4.499499939992799,
DAL,DELTA AIR LINES INC DEL,2016-09-30,2016-11-14,249303000.0,0.32720450107007604,0.06443097379741886,1.2459777424483307,0.7243922202485356,6.635369082125108,6.811449413857619,0.1,-0.04739336492891,
UAL,UNITED CONTL HLDGS INC,2016-09-30,2016-11-14,237847000.0,0.3771345269747088,-0.6322693484914735,3.2090014375760254,0.7117579726859191,2.366154006001735,7.1236958179051415,0.1,-0.015665796344647487,
LUV,SOUTHWEST AIRLS CO,2016-12-31,2017-02-14,2153276000.0,0.132550892008307,0.027146560927253316,1.8725128960943258,-1.2847213803074098,14.282439291777823,56.46525697045456,0.1,-0.13677419354838705,
SIRI,SIRIUS XM HLDGS INC,2016-12-31,2017-02-14,741547000.0,0.5703379673681732,0.09659126762821332,11.832400121723254,-1.2893739226483065,42.951163865150555,37.70414583783015,0.04528981526578879,-0.1639263465450984,0.990651322149522
TEVA,TEVA PHARMACEUTICAL INDS LTD,2017-12-31,2018-02-14,357695000.0,0.06934802081430239,0.010426900770132792,19.624296057924376,0.31102495294359056,55.35243383946752,8.142004798741349,0.0,0.10080183276059573,0.5414326804547323
ORCL,ORACLE CORP,2018-09-30,2018-11-14,2134832000.0,0.1787708502619402,0.07632293080054274,7.632654911382077,-1.597533248303367,53.90547594556622,30.69650818695709,0.0,-0.07949609035621197,0.6097511988149934
AMZN,AMAZON COM INC,2019-03-31,2019-05-15,860637000.0,0.11656691006518882,-0.023527114755698735,4.554177166117465,-11.380812055177936,88.56901962778649,146.3110044351435,0.0,0.08225108225108224,0.4024741612885219
OXY,OCCIDENTAL PETE CORP,2019-09-30,2019-11-14,332079000.0,0.012988811313022531,-0.2640071489993087,6.286565324568611,0.3053107093100338,8.068328713366496,17.16874961276631,0.1,-0.022788375368070657,0.5778920308483291
RH,RH,2019-09-30,2019-11-14,206336000.0,0.07425335780789546,0.0059810778232243225,0.0,-inf,25.316339685185575,,0.1,-0.35876334428193,0.3994355962298052
BIIB,BIOGEN INC,2019-12-31,2020-02-14,192414000.0,0.30968878027593333,0.20515575952716653,1.6687124037254277,0.4075485025659673,12.336124771183254,14.642015579441093,0.1,-0.13448566610455315,0.8649882181537066
KR,KROGER CO,2019-12-31,2020-02-14,549073000.0,0.32906838336373945,0.27984444933597474,4.826086956521739,0.4031427129469326,7.5224854711550995,14.75090152288295,0.1,-0.17623363544813697,0.21680064706756244
GOLD,BARRICK GOLD CORPORATION,2020-06-30,2020-08-14,563550000.0,,,inf,-inf,,,0.0,0.0032141137824597266,0.006681361285025769
ABBV,ABBVIE INC,2020-09-30,2020-11-16,1862541000.0,0.9270112747424065,0.1334552411913107,10.684341561606102,0.05440804793245513,18.302553155100973,23.369629672526465,0.1,-0.09346365302382409,0.7763782841339506
BMY,BRISTOL-MYERS SQUIBB CO,2020-09-30,2020-11-16,1806963000.0,0.19181078892658324,0.0721398380972849,13.89718129404228,-0.7080887378077403,39.67323991620773,42.21419309153415,0.1,0.01965455628350199,0.6910307898259705
CVX,CHEVRON CORP NEW,2020-09-30,2021-02-16,3187639000.0,0.04132464027403121,-0.003332528698637485,2.0855138625988197,0.36821086662651514,45.63561422708619,7.466206762780462,0.0,0.010666666666666602,0.4532133009364165
MRK,MERCK & CO. INC,2020-09-30,2020-11-16,1858337000.0,0.16600697619395427,0.06433408577878104,3.6955084791677955,-0.09461483725411668,21.371655282019503,27.052623834994595,0.1,-0.0918690601900739,0.6987190435525192
PFE,PFIZER INC,2020-09-30,2020-11-16,136222000.0,0.19337999279301893,0.1023371391182244,2.213341814749456,0.5911314931286955,12.672358511292341,10.104893098390813,0.1,-0.09301582227904748,0.8025314009661836
TMUS,T-MOBILE US INC,2020-09-30,2020-11-16,275968000.0,0.1207212565278987,0.04549968963376785,3.0181784796180686,-0.34009697201782285,40.77548835367851,33.11953945129762,0.1,0.049616682440980275,0.7141168357797262
VZ,VERIZON COMMUNICATIONS INC,2020-09-30,2021-02-16,3471109000.0,0.6555592684036933,0.3124440375464048,4.6558387524270355,0.06139499173312701,12.787339576980587,12.725249080558449,0.018841079306641362,0.011483019789885196,0.8242775758922195
FND,FLOOR & DECOR HLDGS INC,2021-09-30,2021-11-15,98669000.0,0.24397546128471684,0.19271999426841718,1.3457608180182288,-12.152469277803235,66.45026668344116,325.0538835799942,0.1,0.20028044464045425,0.4266209578083493
FWONK,LIBERTY MEDIA CORP DEL,2021-12-31,2022-02-14,133989000.0,0.02037220076906184,-0.09054992671891926,inf,-4.910873843185441,,69.8521135149765,0.0,,0.8394785356860679
CE,CELANESE CORP DEL,2022-03-31,2022-05-16,1125958000.0,0.43548935964088525,0.30794520547945203,2.3621747408504334,0.5773352496858333,8.472751002726365,10.445857400621547,0.1,-0.18965787347281948,0.3141618835656554
HPQ,HP INC,2022-03-31,2022-05-16,3792480000.0,1.0474864108753372,0.756513926325247,1.5327626210096807,0.6287310560653445,6.1067506020827675,9.1756467572422,0.1,-0.2831962397179788,0.2113346039346638
MCK,MCKESSON CORP,2022-03-31,2022-05-16,894504000.0,-0.01152931281546552,-0.7108848864526234,inf,-inf,,,0.0,-0.27982062780269057,0.05099316621052102
OXY,OCCIDENTAL PETE CORP,2022-03-31,2022-05-16,7737804000.0,-0.027917325833568284,-0.5617271091752675,inf,-inf,23.42907562847285,,0.1,0.2518605562083822,0.8932038834951457
LPX,LOUISIANA PAC CORP,2022-09-30,2022-11-14,296692000.0,0.4155576314120596,-0.0037160906726124115,0.5547835382148584,0.7065195312896004,3.011176389806411,7.253160155271303,0.1,-0.3287671232876712,0.4546452888205579
DHI,D R HORTON INC,2023-06-30,2023-08-14,726454496.0,0.2432484543575185,0.1703209104828653,0.0,0.5865639320398404,7.165323404531117,10.217777108158229,0.1,-0.07459572248304647,0.3137425328554361
LEN-B,LENNAR CORP,2023-06-30,2023-08-14,17237585.0,0.17023148957600606,0.1211259933001981,0.0,0.662627599609356,6.976215938051008,8.33791789536877,0.1,-0.0607359875552963,
NVR,NVR INC,2023-06-30,2023-08-14,70568089.0,0.43136251216954946,0.33107838300407877,0.0,0.31327538379875197,12.687711480451942,16.971908371830843,0.1,-0.1425894428152492,
HEI-A,HEICO CORP NEW,2024-06-30,2024-08-14,185373840.0,0.16286894235770816,0.1403292101657629,6.96639329640365,-2.3843263980761207,61.60436247732041,59.13786698442925,0.053301453884434524,0.011321441572624602,0.38862776081034867
ULTA,ULTA BEAUTY INC,2024-06-30,2024-08-14,266291202.0,0.4694445066462761,0.09013382310990524,0.0,0.32421088323945024,14.46065370294046,16.701645314225015,0.1,-0.14644178642113415,0.3909147455012147
DPZ,DOMINOS PIZZA INC,2024-09-30,2024-11-14,549398896.0,0.6059980734911539,0.5810497780575701,9.989004270343518,-0.6464451061197523,29.186593967417302,31.811275325457498,0.06686445966895227,-0.15556471042119968,0.38563941529120915
POOL,POOL CORP,2024-09-30,2024-11-14,152248678.0,0.6688994696053713,0.4107008647238735,1.5842101840749305,0.06319934255028214,27.599501427033914,23.152359105543027,0.1,-0.04571148904930866,0.2995606860479699
DHI,D R HORTON INC,2025-03-31,2025-08-14,192267725.0,0.25899993404788346,0.19814618092441,0.0,0.6708480049945259,8.641226160968385,8.134756447992432,0.1,-0.10426796326310106,0.2591042732069976
LEN,LENNAR CORP,2025-03-31,2025-08-14,221522186.0,0.1757695437331442,0.1444435369993377,0.0,0.6960568263694606,7.939498661027271,7.5117384340119004,0.1,-0.14892313867575013,
NUE,NUCOR CORP,2025-03-31,2025-08-14,692738413.0,0.28322389030374356,0.06823530535575788,1.2041104597782328,0.6399393101468354,14.15939276101969,8.898642763513925,0.1,-0.21357465764942907,0.13346782065464957
ALLE,ALLEGION PLC,2025-06-30,2025-08-14,112432768.0,0.48898411745781123,0.3961431812452735,3.7175261607870165,0.09495863973748453,20.912474605288963,22.367450760773593,0.1,-0.05603448275862066,0.44231482954244206
GOOGL,ALPHABET INC,2025-09-30,2025-11-14,4338397121.0,0.26990040078892535,0.18995438528630662,0.13959424503495307,-1.2732107088919111,29.618389045433226,56.180778948328665,0.1,-0.05410745497378222,0.5820043540617911
NYT,NEW YORK TIMES CO,2025-12-31,2026-02-17,351663948.0,0.1284315626069913,0.08016192062526026,0.0,-0.605217782354156,38.8411770917324,39.671810906752704,0.1,-0.013306514002785041,
DAL,DELTA AIR LINES INC,2026-03-31,2026-05-15,2646532635.0,0.283022588248655,0.10330197380557093,2.739499655726417,0.023739020330519,8.686897541545369,24.127592783260027,0.1,0.020280811232449292,
GOOG,ALPHABET INC,2026-03-31,2026-05-15,1028454775.0,0.30331908868008706,0.23621299817440264,0.4562193914722477,-1.3892254785980067,26.54382704736029,59.04800111392216,0.1,-0.07059806976214,0.5965231508603998
M,MACYS INC,2026-03-31,2026-05-15,54963842.0,0.20839361589886388,0.011145510835913313,5.749408983451537,0.4750822825797266,7.791098196558492,6.203247261914698,0.0,-0.11942675159235672,0.40334202731974717
DHI,D R HORTON INC,2026-06-30,2026-08-14,580504.0,0.24453657886822708,0.14484720179705554,0.0,0.07480990642629815,13.129622172021872,10.933490572421682,0.0,-0.1528157463094587,0.23696657557284004
