accession,period,filed,form,amendment,rows,table_total,cover_total
0000950148-99-001187,1999-03-31,1999-05-17,13F-HR,,8,27426454.0,27426454.0
0000950148-99-001809,1999-06-30,1999-08-13,13F-HR,,8,26362365.0,26362365.0
0000950150-99-001240,1999-09-30,1999-11-15,13F-HR,,8,22839368.0,22839368.0
0000950150-00-000102,1999-12-31,2000-02-14,13F-HR,,16,28479994.0,28479994.0
0000950150-00-000118,1998-12-31,2000-02-15,13F-HR,,8,26977010.0,26977010.0
0000950150-00-000125,1998-12-31,2000-02-18,13F-HR/A,NEW HOLDINGS,22,11339414.0,11339414.0
0000950150-00-000129,1999-09-30,2000-02-22,13F-HR/A,NEW HOLDINGS,11,728580.0,728580.0
0000950150-00-000130,1999-06-30,2000-02-22,13F-HR/A,NEW HOLDINGS,9,849748.0,849748.0
0000950150-00-000128,1999-03-31,2000-02-22,13F-HR/A,NEW HOLDINGS,11,806758.0,806744.0
0000950150-00-000438,1999-03-31,2000-05-15,13F-HR/A,NEW HOLDINGS,14,9841162.0,9841162.0
0000950150-00-000439,2000-03-31,2000-05-15,13F-HR,,12,25337442.0,25337442.0
0000950150-00-000664,1999-06-30,2000-08-10,13F-HR/A,NEW HOLDINGS,15,10219846.0,10219846.0
0001095811-00-002809,2000-06-30,2000-08-14,13F-HR,,19,28458418.0,28458418.0
0000950150-00-000720,1999-09-30,2000-08-18,13F-HR/A,NEW HOLDINGS,15,9333264.0,9333264.0
0000950150-00-000737,2000-06-30,2000-08-28,13F-HR/A,NEW HOLDINGS,2,1966873.0,1966873.0
0000950150-00-000754,1999-12-31,2000-09-06,13F-HR/A,NEW HOLDINGS,11,8062889.0,8062889.0
0000950150-00-000752,2000-06-30,2000-09-06,13F-HR/A,RESTATEMENT,1,352745.0,352745.0
0000950150-00-000753,2000-03-31,2000-09-06,13F-HR/A,NEW HOLDINGS,17,7634754.0,7634739.0
0000950150-00-000937,2000-03-31,2000-11-14,13F-HR/A,NEW HOLDINGS,3,805476.0,805476.0
0000950150-00-000938,2000-06-30,2000-11-14,13F-HR/A,RESTATEMENT,5,787650.0,787605.0
0000950150-00-000939,1999-12-31,2000-11-14,13F-HR/A,NEW HOLDINGS,1,508742.0,508742.0
0000950150-00-000940,2000-09-30,2000-11-14,13F-HR,,23,30159141.0,30164489.0
0001095811-01-000836,2000-03-31,2001-02-08,13F-HR/A,NEW HOLDINGS,3,261826.0,261826.0
0001095811-01-000839,1999-12-31,2001-02-08,13F-HR/A,NEW HOLDINGS,3,480507.0,480507.0
0001095811-01-001369,2000-12-31,2001-02-14,13F-HR,,29,31614257.0,31619703.0
0001095811-01-001370,2000-06-30,2001-02-14,13F-HR/A,RESTATEMENT,5,217537.0,217537.0
0001095811-01-001371,2000-09-30,2001-02-14,13F-HR/A,RESTATEMENT,6,312571.0,312571.0
0001095811-01-001489,2000-12-31,2001-02-16,13F-HR/A,RESTATEMENT,0,0.0,31619703.0
0000950150-01-000127,2000-06-30,2001-04-02,13F-HR/A,NEW HOLDINGS,5,3424099.0,3424099.0
0000950150-01-000126,2000-12-31,2001-04-02,13F-HR/A,NEW HOLDINGS,3,3452112.0,3425079.0
0000950150-01-000128,2000-09-30,2001-04-02,13F-HR/A,NEW HOLDINGS,5,3958398.0,3958398.0
0000950150-01-500320,2000-09-30,2001-05-15,13F-HR/A,NEW HOLDINGS,2,1826315.0,1826315.0
0000950150-01-500321,2000-12-31,2001-05-15,13F-HR/A,NEW HOLDINGS,2,163118.0,163118.0
0000950150-01-500322,2001-03-31,2001-05-15,13F-HR,,26,28444828.0,28451030.0
0000950150-01-500330,2001-03-31,2001-05-16,13F-HR/A,RESTATEMENT,0,0.0,28451030.0
0000950150-01-500528,2000-12-31,2001-08-14,13F-HR/A,NEW HOLDINGS,4,1313705.0,1313705.0
0000950150-01-500531,2001-03-31,2001-08-14,13F-HR/A,NEW HOLDINGS,5,1051532.0,1051532.0
0000950150-01-500532,2001-06-30,2001-08-14,13F-HR,,28,28634614.0,28634614.0
0000950150-01-500764,2001-09-30,2001-11-14,13F-HR,,23,26428983.0,26428983.0
0000950150-02-000139,2001-03-31,2002-02-14,13F-HR/A,NEW HOLDINGS,4,400567.0,400567.0
0000950150-02-000138,2001-09-30,2002-02-14,13F-HR/A,NEW HOLDINGS,6,460666.0,460666.0
0000950150-02-000136,2000-12-31,2002-02-14,13F-HR/A,NEW HOLDINGS,2,1017434.0,1017434.0
0000950150-02-000133,2001-12-31,2002-02-14,13F-HR,,27,28057437.0,28057437.0
0000950150-02-000134,2001-06-30,2002-02-14,13F-HR/A,NEW HOLDINGS,6,513748.0,513748.0
0000950150-02-000498,2001-09-30,2002-05-15,13F-HR/A,NEW HOLDINGS,2,82905.0,82905.0
0000950150-02-000499,2001-12-31,2002-05-15,13F-HR/A,NEW HOLDINGS,2,116215.0,116215.0
0000950150-02-000503,2001-06-30,2002-05-15,13F-HR/A,NEW HOLDINGS,1,37650.0,37650.0
0000950150-02-000505,2002-03-31,2002-05-15,13F-HR,,21,29729870.0,29729870.0
0000950150-02-000507,2001-03-31,2002-05-15,13F-HR/A,NEW HOLDINGS,2,700617.0,700617.0
0000950150-02-000747,2002-06-30,2002-08-13,13F-HR,,20,29632493.0,29632273.0
0000950150-02-000750,2001-06-30,2002-08-13,13F-HR/A,NEW HOLDINGS,1,462848.0,462848.0
0000950150-02-001051,2002-03-31,2002-11-14,13F-HR/A,NEW HOLDINGS,9,1269215.0,1326424.0
0000950150-02-001050,2001-09-30,2002-11-14,13F-HR/A,NEW HOLDINGS,2,504162.0,504162.0
0000950150-02-001048,2002-06-30,2002-11-14,13F-HR/A,NEW HOLDINGS,9,1213236.0,1213236.0
0000950150-02-001049,2001-12-31,2002-11-14,13F-HR/A,NEW HOLDINGS,4,505680.0,505680.0
0000950150-02-001047,2002-09-30,2002-11-14,13F-HR,,30,27625415.0,27625415.0
0000950150-03-000203,2002-12-31,2003-02-14,13F-HR,,32,27850405.0,27850405.0
0000950150-03-000208,2001-12-31,2003-02-14,13F-HR/A,NEW HOLDINGS,1,380482.0,380482.0
0000950150-03-000243,2002-03-31,2003-02-24,13F-HR/A,NEW HOLDINGS,1,419855.0,419855.0
0000950150-03-000244,2002-06-30,2003-02-24,13F-HR/A,NEW HOLDINGS,1,294780.0,294780.0
0000950150-03-000245,2002-09-30,2003-02-24,13F-HR/A,NEW HOLDINGS,1,221481.0,221481.0
0000950150-03-000246,2002-12-31,2003-02-24,13F-HR/A,NEW HOLDINGS,1,397814.0,397814.0
0000950150-03-000526,2002-12-31,2003-05-06,13F-HR/A,NEW HOLDINGS,1,4356.0,4356.0
0000950150-03-000527,2002-09-30,2003-05-06,13F-HR/A,NEW HOLDINGS,1,1927.0,1927.0
0000950150-03-000619,2003-03-31,2003-05-15,13F-HR,,31,26467920.0,26467920.0
0000950150-03-000940,2003-03-31,2003-08-14,13F-HR/A,NEW HOLDINGS,1,5440.0,5440.0
0000950150-03-000957,2003-06-30,2003-08-14,13F-HR,,29,29869248.0,29889248.0
0000950150-03-000977,2002-09-30,2003-08-21,13F-HR/A,NEW HOLDINGS,1,13720.0,13720.0
0000950150-03-000987,2003-03-31,2003-08-25,13F-HR/A,NEW HOLDINGS,1,176581.0,176581.0
0000950150-03-000988,2002-12-31,2003-08-25,13F-HR/A,NEW HOLDINGS,1,17406.0,17406.0
0000950150-03-000986,2003-06-30,2003-08-25,13F-HR/A,NEW HOLDINGS,1,194187.0,194187.0
0000950150-03-001058,2003-06-30,2003-09-23,13F-HR/A,NEW HOLDINGS,5,1211291.0,1211291.0
0000950150-03-001059,2003-03-31,2003-09-23,13F-HR/A,NEW HOLDINGS,3,690029.0,690029.0
0000950150-03-001329,2003-09-30,2003-11-13,13F-HR,,33,31036994.0,31036994.0
0000950150-04-000209,2003-12-31,2004-02-17,13F-HR,,30,34868757.0,34868757.0
0000950150-04-000233,2003-12-31,2004-02-17,13F-HR/A,RESTATEMENT,29,34795446.0,34795446.0
0000950150-04-000249,2003-12-31,2004-02-19,13F-HR/A,RESTATEMENT,29,34795446.0,34795446.0
0000950129-04-003325,2004-03-31,2004-05-14,13F-HR,,27,35802150.0,35802150.0
0000950129-04-003448,2004-03-31,2004-05-18,13F-HR/A,RESTATEMENT,27,35802150.0,35802150.0
0000950129-04-006175,2004-06-30,2004-08-16,13F-HR,,28,36016988.0,36016988.0
0000950129-04-006458,2004-03-31,2004-08-25,13F-HR/A,NEW HOLDINGS,1,41218.0,41218.0
0000950129-04-006457,2004-06-30,2004-08-25,13F-HR/A,NEW HOLDINGS,2,184020.0,184020.0
0000950129-04-006459,2003-12-31,2004-08-25,13F-HR/A,NEW HOLDINGS,1,35541.0,35541.0
0000950129-04-009025,2004-09-30,2004-11-15,13F-HR,,28,33856547.0,33856547.0
0000950129-05-001294,2004-12-31,2005-02-14,13F-HR,,28,35759366.0,35759366.0
0000950129-05-005372,2005-03-31,2005-05-16,13F-HR,,29,35241352.0,35241352.0
0000950129-05-005718,2005-03-31,2005-05-25,13F-HR/A,NEW HOLDINGS,1,230955.0,230955.0
0000950129-05-005719,2004-12-31,2005-05-25,13F-HR/A,NEW HOLDINGS,1,236756.0,236756.0
0000950129-05-005720,2004-09-30,2005-05-25,13F-HR/A,NEW HOLDINGS,1,347608.0,347608.0
0000950129-05-008251,2005-06-30,2005-08-15,13F-HR,,32,35310761.0,35310761.0
0000950129-05-011013,2005-09-30,2005-11-14,13F-HR,,31,33742524.0,33742524.0
0000950129-05-011288,2004-12-31,2005-11-21,13F-HR/A,NEW HOLDINGS,1,481595.0,481595.0
0000950129-05-011285,2005-03-31,2005-11-21,13F-HR/A,NEW HOLDINGS,1,1920641.0,1920641.0
0000950129-05-011286,2005-06-30,2005-11-21,13F-HR/A,NEW HOLDINGS,2,2883373.0,2883373.0
0000950129-05-011287,2005-09-30,2005-11-21,13F-HR/A,NEW HOLDINGS,2,2798320.0,2798328.0
0000950129-06-000305,2005-09-30,2006-01-17,13F-HR/A,NEW HOLDINGS,2,589151.0,589151.0
0000950129-06-000307,2005-06-30,2006-01-17,13F-HR/A,NEW HOLDINGS,2,761108.0,761108.0
0000950129-06-001495,2005-12-31,2006-02-14,13F-HR,,34,42664796.0,42664796.0
0000950129-06-001497,2005-09-30,2006-02-14,13F-HR/A,NEW HOLDINGS,1,4907808.0,4967643.0
0000950150-06-000009,2005-12-31,2006-02-15,13F-HR/A,RESTATEMENT,34,42664796.0,42664796.0
0000950129-06-005536,2006-03-31,2006-05-15,13F-HR,,36,45757184.0,45757184.0
0000950129-06-005538,2005-12-31,2006-05-15,13F-HR/A,NEW HOLDINGS,1,559273.0,559273.0
0000950134-06-016076,2006-06-30,2006-08-14,13F-HR,,35,45184817.0,45184817.0
0000950134-06-016077,2006-03-31,2006-08-14,13F-HR/A,NEW HOLDINGS,1,116663.0,116663.0
0000950134-06-019935,2006-06-30,2006-10-30,13F-HR/A,NEW HOLDINGS,1,1473361.0,1473361.0
0000950134-06-019936,2006-06-30,2006-10-30,13F-HR/A,NEW HOLDINGS,1,268785.0,268785.0
0000950134-06-021611,2006-09-30,2006-11-14,13F-HR,,38,49657627.0,49657627.0
0000950134-07-003329,2006-12-31,2007-02-14,13F-HR,,37,52756861.0,52781748.0
0000950134-07-003309,2006-09-30,2007-02-14,13F-HR/A,NEW HOLDINGS,1,774269.0,774269.0
0000950134-07-003315,2006-03-31,2007-02-14,13F-HR/A,NEW HOLDINGS,1,186264.0,186264.0
0000950134-07-003317,2006-06-30,2007-02-14,13F-HR/A,NEW HOLDINGS,1,683510.0,683510.0
0000950134-07-011635,2006-09-30,2007-05-15,13F-HR/A,NEW HOLDINGS,3,492803.0,492803.0
0000950134-07-011675,2007-03-31,2007-05-15,13F-HR,,40,57476281.0,57503864.0
0000950134-07-011634,2006-12-31,2007-05-15,13F-HR/A,NEW HOLDINGS,3,2140899.0,2140899.0
0000950134-07-018234,2007-06-30,2007-08-14,13F-HR,,38,61042651.0,61077517.0
0000950134-07-021307,2007-06-30,2007-10-15,13F-HR/A,NEW HOLDINGS,2,1050911.0,1050911.0
0000950134-07-024008,2007-09-30,2007-11-14,13F-HR,,37,65771190.0,65805833.0
0000950134-08-002742,2007-12-31,2008-02-14,13F-HR,,38,68738582.0,68768137.0
0000950134-08-002781,2007-09-30,2008-02-14,13F-HR/A,NEW HOLDINGS,1,3699503.0,3699503.0
0000950134-08-002783,2007-06-30,2008-02-14,13F-HR/A,NEW HOLDINGS,1,2452829.0,2452829.0
0000950148-08-000200,2008-03-31,2008-05-15,13F-HR,,37,66419497.0,66461224.0
0000950134-08-015283,2008-06-30,2008-08-14,13F-HR,,36,57666561.0,57877516.0
0000950134-08-020620,2008-09-30,2008-11-14,13F-HR,,38,69714205.0,69889879.0
0000950134-08-020619,2008-06-30,2008-11-14,13F-HR/A,NEW HOLDINGS,1,5633950.0,5633950.0
0000950134-09-003064,2008-12-31,2009-02-17,13F-HR,,39,51734933.0,51869961.0
0000950134-09-010823,2009-03-31,2009-05-15,13F-HR,,39,40763833.0,40871225.0
0000950123-09-035453,2009-06-30,2009-08-14,13F-HR,,39,48792350.0,48954993.0
0000950123-09-063022,2009-06-30,2009-11-16,13F-HR/A,NEW HOLDINGS,1,59737.0,59737.0
0000950123-09-063028,2009-09-30,2009-11-16,13F-HR,,42,56307378.0,56546051.0
0000950123-09-065631,2009-09-30,2009-11-24,13F-HR/A,RESTATEMENT,42,56307378.0,56546051.0
0000950123-10-013284,2009-12-31,2010-02-16,13F-HR,,40,57728101.0,57929532.0
0000950123-10-013409,2009-12-31,2010-02-16,13F-HR/A,RESTATEMENT,40,57728101.0,57929532.0
0000950123-10-050487,2010-03-31,2010-05-17,13F-HR,,35,50737948.0,50934475.0
0000950123-10-078001,2010-06-30,2010-08-16,13F-HR,,36,46246424.0,46440810.0
0000950123-10-105654,2010-09-30,2010-11-15,13F-HR,,32,48564128.0,48563369.0
0000950123-11-001432,2010-09-30,2011-01-07,13F-HR/A,RESTATEMENT,32,48564128.0,48563369.0
0000950123-11-013623,2010-12-31,2011-02-14,13F-HR,,24,52530430.0,52560379.0
0000950123-11-050728,2011-03-31,2011-05-16,13F-HR,,25,53601744.0,53601706.0
0001193125-11-223118,2011-06-30,2011-08-15,13F-HR,,26,52355876.0,52357493.0
0001193125-11-310911,2011-03-31,2011-11-14,13F-HR/A,NEW HOLDINGS,1,736713.0,736713.0
0001193125-11-310942,2011-06-30,2011-11-14,13F-HR/A,NEW HOLDINGS,1,4263831.0,4263831.0
0001193125-11-310972,2011-09-30,2011-11-14,13F-HR,,32,59109995.0,
0001193125-11-312418,2011-09-30,2011-11-15,13F-HR/A,RESTATEMENT,32,59036939.0,
0001193125-12-060928,2011-12-31,2012-02-14,13F-HR,,33,66132208.0,66151587.0
0001193125-12-234582,2012-03-31,2012-05-15,13F-HR,,34,75300250.0,75300250.0
0001193125-12-260151,2012-03-31,2012-06-05,13F-HR/A,NEW HOLDINGS,1,2119.0,2119.0
0001193125-12-355534,2012-06-30,2012-08-14,13F-HR,,36,74340922.0,74321382.0
0001193125-12-470800,2012-09-30,2012-11-14,13F-HR,,38,75326633.0,75326633.0
0001193125-13-060317,2012-12-31,2013-02-14,13F-HR,,41,75313620.0,75313620.0
0001193125-13-222307,2013-03-31,2013-05-15,13F-HR,,41,85001344.0,85001344.0
0000950123-13-006925,2013-06-30,2013-08-15,13F-HR,,42,89031205.0,89031205.0
0000950123-13-009777,2013-09-30,2013-11-14,13F-HR,,43,92035233.0,92035233.0
0000950123-13-009874,2013-06-30,2013-11-14,13F-HR/A,NEW HOLDINGS,1,2822906.0,2822906.0
0000950123-14-002615,2013-12-31,2014-02-14,13F-HR,,43,104836593.0,104836593.0
0000950123-14-006252,2014-03-31,2014-05-15,13F-HR,,45,105772705.0,105772705.0
0000950123-14-009048,2014-06-30,2014-08-14,13F-HR,,46,107580386.0,107580386.0
0000950123-14-012218,2014-09-30,2014-11-14,13F-HR,,47,107785377.0,107785377.0
0000950123-15-002961,2014-12-31,2015-02-17,13F-HR,,47,109365274.0,109365274.0
0000950123-15-002964,2014-09-30,2015-02-17,13F-HR/A,NEW HOLDINGS,1,620451.0,620451.0
0000950123-15-006438,2015-03-31,2015-05-15,13F-HR,,47,107133479.0,107133479.0
0000950123-15-009404,2015-06-30,2015-08-14,13F-HR,,46,107182425.0,107182425.0
0000950123-15-009742,2015-06-30,2015-09-04,13F-HR/A,NEW HOLDINGS,1,2392467.0,2392467.0
0000950123-15-011992,2015-09-30,2015-11-16,13F-HR,,48,127407562.0,127407562.0
0000950123-16-015025,2015-12-31,2016-02-16,13F-HR,,48,131855536.0,131855536.0
0000950123-16-017295,2016-03-31,2016-05-16,13F-HR,,47,128569639.0,128569639.0
0000950123-16-020120,2016-06-30,2016-08-15,13F-HR,,49,129704731.0,129704731.0
0000950123-16-022377,2016-09-30,2016-11-14,13F-HR,,50,128787110.0,128787110.0
0000950123-17-002417,2016-12-31,2017-02-14,13F-HR,,47,147985198.0,147985198.0
0000950123-17-005259,2017-03-31,2017-05-15,13F-HR,,46,161873831.0,161873831.0
0000950123-17-007953,2017-06-30,2017-08-14,13F-HR,,47,162143689.0,162143689.0
0000950123-17-010896,2017-09-30,2017-11-14,13F-HR,,47,177678767.0,177678767.0
0000950123-18-002390,2017-12-31,2018-02-14,13F-HR,,48,191242697.0,191242697.0
0000950123-18-005732,2018-03-31,2018-05-15,13F-HR,,46,188943876.0,188943876.0
0000950123-18-008866,2018-06-30,2018-08-14,13F-HR,,44,195615793.0,195615793.0
0000950123-18-011885,2018-09-30,2018-11-14,13F-HR,,46,221020177.0,221020177.0
0000950123-19-002221,2018-12-31,2019-02-14,13F-HR,,48,183066067.0,183066067.0
0000950123-19-005436,2019-03-31,2019-05-15,13F-HR,,48,199483708.0,199483708.0
0000950123-19-008356,2019-06-30,2019-08-14,13F-HR,,47,208101077.0,208101077.0
0000950123-19-011362,2019-09-30,2019-11-14,13F-HR,,48,214673311.0,214673311.0
0000950123-20-002466,2019-12-31,2020-02-14,13F-HR,,52,242050717.0,242050717.0
0000950123-20-005345,2020-03-31,2020-05-15,13F-HR,,50,175526846.0,175526846.0
0000950123-20-009058,2020-06-30,2020-08-14,13F-HR,,44,202411166.0,202411166.0
0000950123-20-012127,2020-09-30,2020-11-16,13F-HR,,49,228890673.0,228890673.0
0000950123-21-002781,2020-09-30,2021-02-16,13F-HR/A,NEW HOLDINGS,3,7044886.0,7044886.0
0000950123-21-002786,2020-12-31,2021-02-16,13F-HR,,47,269927528.0,269927528.0
0000950123-21-007024,2021-03-31,2021-05-17,13F-HR,,46,270435200.0,270435200.0
0000950123-21-011396,2021-06-30,2021-08-16,13F-HR,,44,293023412.0,293023412.0
0000950123-21-015518,2021-09-30,2021-11-15,13F-HR,,43,293447417.0,293447417.0
0000950123-22-002973,2021-12-31,2022-02-14,13F-HR,,44,330952724.0,330952724.0
0000950123-22-006442,2022-03-31,2022-05-16,13F-HR,,49,363553518.0,363553518.0
0000950123-22-009450,2022-06-30,2022-08-15,13F-HR,,47,300130772.0,300130772.0
0000950123-22-012275,2022-09-30,2022-11-14,13F-HR,,49,296096640.0,296096640.0
0000950123-23-002585,2022-12-31,2023-02-14,13F-HR,,49,299007622119.0,299007622119.0
0000950123-23-005270,2023-03-31,2023-05-15,13F-HR,,48,325108752692.0,325108752692.0
0000950123-23-008074,2023-06-30,2023-08-14,13F-HR,,48,348194055552.0,348194055552.0
0000950123-23-010898,2023-09-30,2023-11-14,13F-HR,,45,313257308189.0,313257308189.0
0000950123-23-011029,2023-09-30,2023-11-16,13F-HR/A,RESTATEMENT,45,313257308189.0,313257308189.0
0000950123-24-002518,2023-12-31,2024-02-14,13F-HR,,41,347358074461.0,347358074461.0
0000950123-24-005664,2023-12-31,2024-05-15,13F-HR/A,NEW HOLDINGS,1,4542600000.0,4542600000.0
0000950123-24-005653,2023-09-30,2024-05-15,13F-HR/A,NEW HOLDINGS,1,1695320075.0,1695320075.0
0000950123-24-005622,2024-03-31,2024-05-15,13F-HR,,41,331680406332.0,331680406332.0
0000950123-24-008740,2024-06-30,2024-08-14,13F-HR,,41,279969062343.0,279969062343.0
0000950123-24-011775,2024-09-30,2024-11-14,13F-HR,,40,266378900503.0,266378900503.0
0000950123-25-002701,2024-12-31,2025-02-14,13F-HR,,38,267175474249.0,267175474249.0
0000950123-25-005701,2025-03-31,2025-05-15,13F-HR,,36,258701144516.0,258701144516.0
0000950123-25-008343,2025-06-30,2025-08-14,13F-HR,,41,257521776925.0,257521776925.0
0000950123-25-008361,2025-03-31,2025-08-14,13F-HR/A,NEW HOLDINGS,4,1106550356.0,1106550356.0
0001193125-25-282901,2025-09-30,2025-11-14,13F-HR,,41,267334501955.0,267334501955.0
0001193125-26-054580,2025-12-31,2026-02-17,13F-HR,,42,274160086701.0,274160086701.0
0001193125-26-226661,2026-03-31,2026-05-15,13F-HR,,29,263095703570.0,263095703570.0
0001193125-26-352200,2026-06-30,2026-08-14,13F-HR,,29,299253556246.0,299253556246.0
