,weight
AAPL,0.22038266729497397
AXP,0.17136745146261054
KO,0.10863028799990918
GOOGL,0.09409278106574338
BAC,0.09204164963158451
CVX,0.04673676084404744
OXY,0.04300101046559243
CB,0.03899725290284162
MCO,0.03733768778612251
GOOG,0.03210150332884609
KHC,0.025702265655540756
DVA,0.021470985937818356
DAL,0.017939941190161745
SIRI,0.01231999473372768
VRSN,0.007557117249898107
KR,0.007236906478797937
ALLY,0.004145815393352016
LEN,0.003964803151828406
LLYVK,0.0037373851159202376
NYT,0.0036714216993191896
COF,0.002011204169300644
LLYVA,0.0016873380130691409
LPX,0.0014890136063536123
NUE,0.0013828215216257142
M,0.0005782116148279285
NVR,0.0002529978321720011
LEN-B,8.837308178306233e-05
JEF,7.241093229377334e-05
DHI,1.939839938018312e-06
