,unpriced_weight
2014-11-14,0.05948894162145946
2015-02-17,0.06141737458637919
2015-05-15,0.06461109136575316
2015-08-14,0.06399385906784627
2015-09-04,0.06259661200487421
2015-11-16,0.027893736794053048
2016-02-16,0.026194493646440442
2016-05-16,0.021529538556143923
2016-08-15,0.019896984328196976
2016-11-14,0.020903784548003346
2017-02-14,0.024884238760149557
2017-05-15,0.023203447875401184
2017-08-14,0.02732213031122044
2017-11-14,0.026588342995423897
2018-02-14,0.02707870199090523
2018-05-15,0.03245992476623061
2018-08-14,0.02183744438262203
2018-11-14,0.01901687012041442
2019-02-14,0.025242515315522684
2019-05-15,0.025077661981298238
2019-08-14,0.016010652361976963
2019-11-14,0.012199741960471244
2020-02-14,0.012016250296833508
2020-05-15,0.010162878446525525
2020-08-14,0.01276031382576992
2020-11-16,0.011323991344985851
2021-02-16,0.012416069694084708
2021-05-17,0.01249420193820927
2021-08-16,0.01207819872085858
2021-11-15,0.012043309278813585
2022-02-14,0.015228126661377739
2022-05-16,0.023334066595389058
2022-08-15,0.02596318580755197
2022-11-14,0.02320066516121222
2023-02-14,0.02180745885603186
2023-05-15,0.01848176833827786
2023-08-14,0.009514524711652483
2023-11-14,0.005153490446345721
2023-11-16,0.005153490446345721
2024-02-14,0.005251938769037623
2024-05-15,0.008798951021178891
2024-08-14,0.00832431387416932
2024-11-14,0.0
2025-02-14,0.0
2025-05-15,0.0
2025-08-14,0.0
2025-11-14,0.0
2026-02-17,0.0
2026-05-15,0.0
2026-08-14,0.0
