date,index_tickers,members,with_cik,with_prices,screened,with_metrics,quality_pass,buyable_A
2015-01-02,499,374,374,373,300,268,59,5
2015-04-01,500,379,379,378,303,277,59,8
2015-07-01,500,382,382,381,305,279,60,7
2015-10-01,503,386,386,385,309,282,60,14
2016-01-04,504,390,390,389,313,286,63,13
2016-04-01,505,395,395,394,313,289,59,11
2016-07-01,504,402,402,401,317,295,61,14
2016-10-03,506,407,407,406,322,300,62,10
2017-01-03,506,408,408,407,322,300,60,8
2017-04-03,506,413,413,412,323,302,54,8
2017-07-03,506,415,415,414,325,306,54,8
2017-10-02,506,418,418,417,326,309,55,6
2018-01-02,505,419,419,418,327,311,57,4
2018-04-02,506,422,422,421,330,315,50,6
2018-07-02,506,422,422,421,331,315,49,4
2018-10-01,505,424,424,423,333,317,49,3
2019-01-02,505,430,430,429,339,321,52,10
2019-04-01,505,431,431,430,340,323,53,8
2019-07-01,505,433,433,432,342,322,52,9
2019-10-01,505,437,437,436,347,328,57,11
2020-01-02,505,443,443,442,353,332,55,6
2020-04-01,505,445,445,444,355,337,56,10
2020-07-01,505,450,450,449,360,341,55,6
2020-10-01,505,450,450,449,360,341,52,4
2021-01-04,505,452,452,451,363,344,55,4
2021-04-01,505,454,454,453,366,351,53,4
2021-07-01,505,457,457,456,369,354,53,4
2021-10-01,505,459,459,458,371,359,54,5
2022-01-03,505,461,461,460,373,362,55,5
2022-04-01,505,466,466,465,376,364,65,9
2022-07-01,503,468,468,466,377,363,65,13
2022-10-03,503,470,470,468,378,364,64,19
2023-01-03,503,474,474,472,381,368,62,14
2023-04-03,503,476,476,474,384,373,67,9
2023-07-03,503,478,478,476,386,375,68,11
2023-10-02,503,479,479,477,386,372,69,11
2024-01-02,503,481,481,479,388,375,74,13
2024-04-01,503,484,484,482,391,379,74,10
2024-07-01,503,486,486,484,392,379,74,11
2024-10-01,503,487,487,485,392,378,75,10
2025-01-02,503,489,489,487,392,379,75,11
2025-04-01,503,489,489,487,392,379,73,15
2025-07-01,503,490,490,488,392,379,73,13
2025-10-01,503,494,494,492,395,382,74,14
2026-01-02,503,496,496,494,396,381,71,10
2026-04-01,503,497,497,495,398,388,63,7
2026-07-01,503,499,499,497,400,388,65,8
2026-10-01,503,500,500,500,402,388,64,7
