date,holdings,candidates,cash_pct,buys_used,th_roe_avg,th_roe_floor,th_debt_years,th_mos
2015-01-02,5,5,0.5002501250625311,5,0.15,0.12,3.0,0.25
2015-04-01,10,7,0.013833374162203402,5,0.15,0.12,3.0,0.25
2015-07-01,7,0,0.3174463541231257,5,0.15,0.12,3.0,0.25
2015-10-01,10,8,0.06459419166105101,5,0.15,0.12,3.0,0.25
2016-01-04,10,4,0.0753969431916433,6,0.15,0.12,3.0,0.25
2016-04-01,10,7,0.10783140194865773,7,0.15,0.12,3.0,0.25
2016-07-01,10,71,0.049290785122031534,8,0.09665851298581678,0.006455320210973427,11.440895432849754,-0.44751484979446554
2016-10-03,10,69,0.044577405108114074,8,0.09665851298581678,0.006455320210973427,11.440895432849754,-0.44751484979446554
2017-01-03,10,52,0.030171760650457513,11,0.11224535746001627,-0.07505167645522295,8.185899115453301,-0.3150422186919175
2017-04-03,10,71,0.024160115033959286,13,0.11261133830574321,-0.00480149900456728,9.186714574606384,-0.65553648943079
2017-07-03,10,64,0.02245727859870754,13,0.11261133830574321,-0.00480149900456728,9.186714574606384,-0.65553648943079
2017-10-02,10,67,0.0156148215523272,13,0.11261133830574321,-0.00480149900456728,9.186714574606384,-0.65553648943079
2018-01-02,10,65,0.014787092172202681,13,0.11261133830574321,-0.00480149900456728,9.186714574606384,-0.65553648943079
2018-04-02,10,71,0.016027774745207963,14,0.11206236703715279,-0.0010492259327203775,11.170978734944036,-0.6177619851639018
2018-07-02,10,70,0.0016230638614446189,14,0.11206236703715279,-0.0010492259327203775,11.170978734944036,-0.6177619851639018
2018-10-01,10,62,0.0,14,0.11206236703715279,-0.0010492259327203775,11.170978734944036,-0.6177619851639018
2019-01-02,10,72,0.0,15,0.11224535746001627,0.0027030471391265246,10.509557348164819,-0.7310854979645665
2019-04-01,10,75,0.04497583065173651,15,0.11224535746001627,0.0027030471391265246,10.509557348164819,-0.7310854979645665
2019-07-01,10,85,0.0,16,0.11242834788287974,-0.009482902942350144,9.848135961385601,-1.146312409721699
2019-10-01,10,93,0.0,16,0.11242834788287974,-0.009482902942350144,9.848135961385601,-1.146312409721699
2020-01-02,10,90,0.0,18,0.08365986250949392,-0.01884571081791587,8.798199658800307,-1.0079034391359882
2020-04-01,10,97,0.005678975997097247,20,0.10247287191269086,-0.009482902942350144,8.021169827188153,-0.7310854979645665
2020-07-01,10,85,0.0,20,0.10247287191269086,-0.009482902942350144,8.021169827188153,-0.7310854979645665
2020-10-01,10,70,0.0,21,0.10247287191269086,-0.009482902942350144,9.186714574606384,-0.7310854979645665
2021-01-04,10,65,0.0,26,0.11261133830574321,0.0059810778232243225,10.309934814856172,-0.6760634235800587
2021-04-01,10,50,0.0,28,0.11224535746001627,0.0013242745622934187,9.561121321356314,-0.6120127951246952
2021-07-01,10,41,0.10663918850773167,28,0.11224535746001627,0.0013242745622934187,9.561121321356314,-0.6120127951246952
2021-10-01,10,46,0.10967435148760903,28,0.11224535746001627,0.0013242745622934187,9.561121321356314,-0.6120127951246952
2022-01-03,10,45,0.09709510289882786,29,0.11242834788287974,0.0036526761927588706,9.186714574606384,-0.7080887378077403
2022-04-01,10,90,0.11409237043493259,30,0.11187937661428932,-0.003332528698637485,10.309934814856172,-0.7253363079253599
2022-07-01,10,102,0.03668673006095811,34,0.07425335780789546,-0.00480149900456728,11.545385481693966,-0.7138379278469469
2022-10-03,10,103,0.03914171113329934,34,0.07425335780789546,-0.00480149900456728,11.545385481693966,-0.7138379278469469
2023-01-03,10,93,0.036484039978338746,35,0.08365986250949392,-0.004530146921578562,11.258370841664679,-0.7080887378077403
2023-04-03,10,94,0.07093533346085443,35,0.08365986250949392,-0.004530146921578562,11.258370841664679,-0.7080887378077403
2023-07-03,10,88,0.02405962422940122,35,0.08365986250949392,-0.004530146921578562,11.258370841664679,-0.7080887378077403
2023-10-02,10,83,0.02536060605255555,38,0.11187937661428932,-0.0037160906726124115,10.309934814856172,-0.6120127951246952
2024-01-02,10,70,0.03588095687248105,38,0.11187937661428932,-0.0037160906726124115,10.309934814856172,-0.6120127951246952
2024-04-01,10,66,0.03323482645328355,38,0.11187937661428932,-0.0037160906726124115,10.309934814856172,-0.6120127951246952
2024-07-01,10,73,0.0,38,0.11187937661428932,-0.0037160906726124115,10.309934814856172,-0.6120127951246952
2024-10-01,10,72,0.0,40,0.11224535746001627,-0.003524309685624948,9.561121321356314,-0.6760634235800587
2025-01-02,10,77,0.0,42,0.11261133830574321,-0.003332528698637485,9.788431846409235,-0.6618560140417493
2025-04-01,10,83,0.0,42,0.11261133830574321,-0.003332528698637485,9.788431846409235,-0.6618560140417493
2025-07-01,10,82,0.0,42,0.11261133830574321,-0.003332528698637485,9.788431846409235,-0.6618560140417493
2025-10-01,10,72,0.0,46,0.11656691006518882,0.0059810778232243225,8.798199658800307,-0.5966018872026982
2026-01-02,10,69,0.0,47,0.11760549668086628,0.007037706688123324,8.40968474299423,-0.6464451061197523
2026-04-01,10,56,0.05365889436621585,48,0.11864408329654376,0.008094335553022325,8.021169827188153,-0.6361382751783532
2026-07-01,10,53,0.0,51,0.12264883304767185,0.010262420154648445,7.408869283841147,-0.6464451061197523
2026-10-01,10,51,0.0,52,0.12457640956744499,0.01031724702647656,7.296976470070682,-0.6361382751783532
