strategy,total_return,cagr,volatility,max_drawdown,sharpe,start,end,trades
A mos=15% n=8,1.8822132934592228,0.09421976740806093,0.21300877196155707,-0.35595009186412496,0.43911516003255535,2015-01-05,2026-10-08,106
A mos=25% n=8,1.3800085569391953,0.07654447333418335,0.20982030283360706,-0.38638972361220003,0.36489722614349834,2015-01-05,2026-10-08,100
A mos=35% n=8,1.448336811228331,0.0791395133667907,0.20596099097958337,-0.36575508539972923,0.3794431861365897,2015-01-05,2026-10-08,84
B n=8,1.153939040380803,0.06744379449684845,0.2196919343885244,-0.38638972361220003,0.3193577301828792,2015-01-05,2026-10-08,120
A mos=15% n=10,1.9319361368039454,0.0958129261832954,0.20422785997102638,-0.35491145286120385,0.45615757760661935,2015-01-05,2026-10-08,130
A mos=25% n=10,1.7108965759226118,0.08853105957323781,0.19694825814059194,-0.3532946545433222,0.43160855739684295,2015-01-05,2026-10-08,118
A mos=35% n=10,1.9865361020613057,0.09753412295374764,0.18868540342463372,-0.31593102279574836,0.4857445909226348,2015-01-05,2026-10-08,104
B n=10,1.076399224848509,0.06412007401064934,0.20950080799279006,-0.3820870294784019,0.30962464554637015,2015-01-05,2026-10-08,144
A mos=15% n=15,1.9295258414723349,0.09573627060919954,0.18567394978282054,-0.3001242217482323,0.4817364340071243,2015-01-05,2026-10-08,171
A mos=25% n=15,2.1689909703386703,0.10308407729063052,0.18050583148753357,-0.31298038529124517,0.5273606944594358,2015-01-05,2026-10-08,160
A mos=35% n=15,1.8592258495912186,0.09347471456608525,0.15843303508935536,-0.2566070599433654,0.5218507097804318,2015-01-05,2026-10-08,129
B n=15,1.8029869564257655,0.091628573382603,0.1952656147676203,-0.36299027046951393,0.4484093371730659,2015-01-05,2026-10-08,199
C copy Berkshire 13F,2.4681614266787966,0.11158107355208857,0.19323327004319032,-0.3906136966665035,0.544832723440168,2015-01-05,2026-10-08,1872
SPY buy & hold,3.6563214636339785,0.13978805424039265,0.17514186348266553,-0.33717250635618656,0.725461382108996,2015-01-05,2026-10-08,0
BRK-B buy & hold,2.476530529203869,0.11180898700179309,0.19006833962438252,-0.2956993612851109,0.551597648926172,2015-01-05,2026-10-08,0
