date,ticker,side,amount,reason
2015-01-05,MAT,buy,0.06666666666666667,margin of safety 53%
2015-01-05,IBM,buy,0.06666666666666667,margin of safety 41%
2015-01-05,TDC,buy,0.06666666666666667,margin of safety 38%
2015-01-05,PM,buy,0.06666666666666667,margin of safety 27%
2015-01-05,CMI,buy,0.06666666666666667,margin of safety 26%
2015-04-02,FOSL,buy,0.0654421247811137,margin of safety 49%
2015-04-02,CF,buy,0.0654421247811137,margin of safety 40%
2015-04-02,PPG,buy,0.0654421247811137,margin of safety 38%
2015-04-02,ITW,buy,0.0654421247811137,margin of safety 35%
2015-04-02,PH,buy,0.0654421247811137,margin of safety 31%
2015-04-02,RL,buy,0.0654421247811137,margin of safety 28%
2015-04-02,ORCL,buy,0.0654421247811137,margin of safety 26%
2015-07-02,MAT,sell,0.05865346240981055,quality broke twice: no_growth
2015-07-02,IBM,sell,0.06993867280816701,quality broke twice: no_growth
2015-07-02,PM,sell,0.0689109566257273,quality broke twice: debt
2015-10-02,ORCL,sell,0.05679828407650669,quality broke twice: debt
2015-10-02,STX,buy,0.058765794698787545,margin of safety 70%
2015-10-02,WDC,buy,0.058765794698787545,margin of safety 59%
2015-10-02,FLS,buy,0.058765794698787545,margin of safety 42%
2015-10-02,DOV,buy,0.058765794698787545,margin of safety 35%
2015-10-02,CSCO,buy,0.058765794698787545,margin of safety 32%
2015-10-02,ROK,buy,0.058765794698787545,margin of safety 29%
2015-10-02,TEL,buy,0.058765794698787545,margin of safety 29%
2016-01-05,PH,sell,0.053592084469317014,quality broke twice: no_growth
2016-01-05,AAPL,buy,0.05531917472363319,margin of safety 40%
2016-04-04,ITW,sell,0.07111199323496177,price 1.54x intrinsic value
2016-04-04,VLO,buy,0.05693754327225708,margin of safety 61%
2016-07-05,TDC,sell,0.03831780955245549,"quality broke twice: roe_floor,debt,losses,no_growth"
2016-07-05,CMI,sell,0.05438531262192993,"quality broke twice: no_growth,dollar_test"
2016-07-05,FOSL,sell,0.02153344832368202,quality broke twice: no_growth
2016-07-05,CF,sell,0.028495294324197618,"quality broke twice: gross_margin,debt,no_growth,owner_earnings,dollar_test"
2016-07-05,FLS,sell,0.06322656604629784,"quality broke twice: debt,no_growth"
2016-07-05,DOV,sell,0.06929747776754633,"quality broke twice: no_growth,dollar_test"
2016-07-05,GILD,buy,0.053046380080983876,margin of safety 55%
2016-07-05,LYB,buy,0.053046380080983876,margin of safety 53%
2016-07-05,RTX,buy,0.053046380080983876,margin of safety 49%
2016-07-05,CPRI,buy,0.053046380080983876,margin of safety 41%
2016-07-05,RHI,buy,0.053046380080983876,margin of safety 31%
2016-07-05,AME,buy,0.053046380080983876,margin of safety 30%
2016-10-04,RL,sell,0.05010335758455449,"quality broke twice: roe_floor,no_growth,dollar_test"
2017-01-04,STX,sell,0.058850698861237345,"quality broke twice: roe_floor,gross_margin,debt,no_growth"
2017-01-04,WDC,sell,0.0545734565665211,"quality broke twice: roe_floor,debt,no_growth"
2017-01-04,ROK,sell,0.08174380888826531,price 1.85x intrinsic value
2017-04-04,PPG,sell,0.0631183530062585,price 1.64x intrinsic value
2017-04-04,SIG,buy,0.06440454705009088,margin of safety 46%
2017-04-04,TXT,buy,0.06440454705009088,margin of safety 33%
2017-04-04,BIIB,buy,0.06440454705009088,margin of safety 32%
2017-04-04,MO,buy,0.06440454705009088,margin of safety 28%
2017-07-05,VLO,sell,0.06350955120735122,quality broke twice: roe_floor
2017-07-05,RTX,sell,0.0662137522394362,"quality broke twice: debt,no_growth"
2017-07-05,AME,sell,0.07231984831104804,quality broke twice: debt
2017-07-05,MCK,buy,0.06588751120776969,margin of safety 57%
2017-10-03,CPRI,sell,0.051311688590950165,quality broke twice: dollar_test
2017-10-03,SNA,buy,0.07026065463221509,margin of safety 27%
2018-01-03,CSCO,sell,0.09567336142091433,quality broke twice: no_growth
2018-04-03,TXT,sell,0.07942749667797065,price 1.89x intrinsic value
2018-04-03,UAL,buy,0.0706448089864309,margin of safety 68%
2018-04-03,ALK,buy,0.0706448089864309,margin of safety 29%
2018-07-03,RHI,sell,0.09739791141018078,price 1.61x intrinsic value
2018-07-03,SIG,sell,0.05612418812775258,quality broke twice: dollar_test
2018-10-02,MCK,sell,0.05342955280998356,"quality broke twice: roe_floor,no_growth"
2019-01-03,AMAT,buy,0.06943092663116038,margin of safety 51%
2019-01-03,SWKS,buy,0.06943092663116038,margin of safety 44%
2019-01-03,BBY,buy,0.06943092663116038,margin of safety 43%
2019-04-02,UAL,sell,0.08442582925186513,price 1.84x intrinsic value
2019-04-02,ALK,sell,0.06967061713141542,price 2.72x intrinsic value
2019-04-02,LUV,buy,0.07786301935680333,margin of safety 34%
2019-04-02,HPQ,buy,0.07786301935680333,margin of safety 30%
2019-04-02,FTV,buy,0.07786301935680333,margin of safety 29%
2019-07-02,GILD,sell,0.04765324626591932,"quality broke twice: gross_margin,debt,no_growth,dollar_test"
2019-07-02,BIIB,sell,0.05545536650685244,quality broke twice: dollar_test
2019-10-02,LRCX,buy,0.07702671041268745,margin of safety 31%
2019-10-02,RHI,buy,0.07702671041268745,margin of safety 25%
2020-01-03,AAPL,sell,0.17125638470648955,price 2.07x intrinsic value
2020-01-03,SWKS,sell,0.13834573107374348,price 1.93x intrinsic value
2020-01-03,CHRW,buy,0.09346079347995756,margin of safety 27%
2020-04-02,TEL,sell,0.06333566369702275,quality broke twice: no_growth
2020-04-02,HPQ,sell,0.06324438154779082,"quality broke twice: no_growth,dollar_test"
2020-04-02,CMI,buy,0.07010168370205302,margin of safety 54%
2020-04-02,NVR,buy,0.07010168370205302,margin of safety 48%
2020-04-02,BKNG,buy,0.07010168370205302,margin of safety 41%
2020-04-02,ULTA,buy,0.07010168370205302,margin of safety 33%
2020-04-02,AME,buy,0.07010168370205302,margin of safety 27%
2020-07-02,LYB,sell,0.05814310860339193,"quality broke twice: gross_margin,no_growth"
2020-07-02,MO,sell,0.0427660260078661,"quality broke twice: roe_floor,debt,losses,no_growth"
2020-07-02,LUV,sell,0.0510831540433187,quality broke twice: dollar_test
2020-07-02,FTV,sell,0.06217933744174837,"quality broke twice: roe_floor,debt,no_growth"
2020-07-02,CHRW,sell,0.09637333577022116,quality broke twice: dollar_test
2020-10-02,HII,buy,0.09920277474249768,margin of safety 28%
2021-01-05,DHI,buy,0.11382723342207286,margin of safety 44%
2021-01-05,HPQ,buy,0.11382723342207286,margin of safety 41%
2021-04-05,AMAT,sell,0.3252926052706961,price 1.75x intrinsic value
2021-04-05,LRCX,sell,0.22822908180725304,price 1.63x intrinsic value
2021-04-05,RHI,sell,0.11565255015345678,price 1.79x intrinsic value
2021-04-05,BKNG,sell,0.1339037193147307,price 2.71x intrinsic value
2021-04-05,ULTA,sell,0.1387914308367058,price 2.74x intrinsic value
2021-04-05,CE,buy,0.14471625305587005,margin of safety 46%
2021-04-05,MAS,buy,0.14471625305587005,margin of safety 31%
2021-07-02,SNA,sell,0.11435916354563982,quality broke twice: dollar_test
2021-07-02,HII,sell,0.14841904447498822,quality broke twice: dollar_test
2022-04-04,DGX,buy,0.13836193661744822,margin of safety 49%
2022-04-04,SNA,buy,0.13836193661744822,margin of safety 38%
2022-04-04,REGN,buy,0.13836193661744822,margin of safety 26%
2022-07-05,MAS,sell,0.12585014377676115,"quality broke twice: debt,no_growth"
2022-07-05,TGT,buy,0.12853650768233044,margin of safety 38%
2022-07-05,SWKS,buy,0.12853650768233044,margin of safety 33%
2022-07-05,RHI,buy,0.12853650768233044,margin of safety 28%
2022-07-05,EXPD,buy,0.12853650768233044,margin of safety 27%
2022-10-04,CHD,buy,0.13054893360980382,margin of safety 100%
2023-04-04,DHI,sell,0.17067604030830621,quality broke twice: dollar_test
2023-04-04,HPQ,sell,0.14684843368444098,quality broke twice: no_growth
2023-04-04,TGT,sell,0.14910265155091587,price 1.92x intrinsic value
2023-04-04,SWKS,sell,0.15889488211261338,quality broke twice: dollar_test
2023-04-04,CHD,sell,0.1590226505190503,price 2.46x intrinsic value
2023-04-04,CF,buy,0.1495849785098257,margin of safety 74%
2023-04-04,LEN,buy,0.1495849785098257,margin of safety 68%
2023-04-04,STLD,buy,0.1495849785098257,margin of safety 55%
2023-04-04,NOC,buy,0.1495849785098257,margin of safety 40%
2023-04-04,CHRW,buy,0.1495849785098257,margin of safety 35%
2023-07-05,BBY,sell,0.12416561551154218,quality broke twice: no_growth
2023-07-05,CMI,sell,0.13956999859437344,quality broke twice: no_growth
2023-07-05,CE,sell,0.11305468762953294,"quality broke twice: debt,dollar_test"
2023-07-05,AAP,buy,0.15772743687076246,margin of safety 45%
2023-10-03,DG,buy,0.15068991450665467,margin of safety 52%
2023-10-03,DE,buy,0.15068991450665467,margin of safety 31%
2024-04-02,AAP,sell,0.18816850579454172,"quality broke twice: roe_avg,roe_floor,debt,no_growth"
2024-04-02,DG,sell,0.22302687458410436,price 2.01x intrinsic value
2024-04-02,PHM,buy,0.18200889721966643,margin of safety 55%
2024-04-02,DHI,buy,0.18200889721966643,margin of safety 55%
2024-07-02,DGX,sell,0.1470630764106793,"quality broke twice: debt,no_growth"
2024-07-02,RHI,sell,0.1119910589531749,quality broke twice: no_growth
2024-07-02,NOC,sell,0.14261005808566612,quality broke twice: no_growth
2024-07-02,CHRW,sell,0.14092206109804659,quality broke twice: no_growth
2024-07-02,UPS,buy,0.17134185492373852,margin of safety 47%
2024-07-02,HPQ,buy,0.17134185492373852,margin of safety 38%
2024-07-02,PCAR,buy,0.17134185492373852,margin of safety 25%
2025-01-03,QCOM,buy,0.09431740930096759,margin of safety 32%
2025-04-02,HPQ,sell,0.14084890155369392,quality broke twice: no_growth
2025-04-02,BLDR,buy,0.14070805265214023,margin of safety 69%
2025-07-02,UPS,sell,0.14153642781950646,quality broke twice: dollar_test
2025-07-02,DOV,buy,0.14139489139168696,margin of safety 40%
2026-01-05,QCOM,sell,0.10761162847058463,price 1.99x intrinsic value
2026-01-05,CTSH,buy,0.10750401684211404,margin of safety 35%
2026-04-02,REGN,sell,0.1517977113306404,price 1.79x intrinsic value
2026-04-02,EXPD,sell,0.20232572005369917,price 2.06x intrinsic value
2026-04-02,STLD,sell,0.2723132764476448,price 3.18x intrinsic value
2026-04-02,DE,sell,0.2407994143803051,quality broke twice: no_growth
2026-04-02,DHI,sell,0.16661839858711672,quality broke twice: no_growth
2026-04-02,FDS,buy,0.19126794329199517,margin of safety 41%
2026-04-02,EOG,buy,0.19126794329199517,margin of safety 40%
2026-04-02,ADBE,buy,0.19126794329199517,margin of safety 40%
2026-04-02,SLB,buy,0.19126794329199517,margin of safety 37%
2026-04-02,NTAP,buy,0.19126794329199517,margin of safety 28%
2026-07-02,LEN,sell,0.13775010523845932,"quality broke twice: roe_floor,no_growth"
2026-07-02,BLDR,sell,0.0907920164782873,"quality broke twice: roe_floor,debt,no_growth"
2026-07-02,DOV,sell,0.1621210204859794,quality broke twice: no_growth
2026-07-02,CTSH,sell,0.055916791495392464,quality broke twice: dollar_test
2026-07-02,ACN,buy,0.19778858708212885,margin of safety 47%
2026-07-02,DECK,buy,0.19778858708212885,margin of safety 34%
2026-10-02,NTAP,sell,0.41960557725720526,price 1.73x intrinsic value
