,A mos=15% n=8,A mos=25% n=8,A mos=35% n=8,B n=8,A mos=15% n=10,A mos=25% n=10,A mos=35% n=10,B n=10,A mos=15% n=15,A mos=25% n=15,A mos=35% n=15,B n=15,C copy Berkshire 13F,SPY buy & hold,BRK-B buy & hold
2015,-0.2000096282705024,-0.24325493004571463,-0.22970012880336532,-0.24325493004571463,-0.15780424182149966,-0.21811327056325847,-0.17888613957852184,-0.21811327056325847,-0.15852342816082188,-0.15434514844985214,-0.12130952885745871,-0.15434514844985214,-0.02998159786540755,0.031513724047254055,-0.10176875315555911
2016,0.18141943437922214,0.06566415938887071,0.07005365981153644,0.06909196274975193,0.10900184526825862,0.05560360813969201,0.08725573240075635,0.08136011375804908,0.12213063740847008,0.09630253237668729,0.030080016715105184,0.11627499461131952,0.1280663603494816,0.11997890717823423,0.23432296284928422
2017,0.2269030006407342,0.2143900032056134,0.14238066543704986,0.21933873642961488,0.27048053659118043,0.2241823334169839,0.16592868607239142,0.21659282704021554,0.2234883141350812,0.19343986503163801,0.11512379150946073,0.24442693877312127,0.12447112205765531,0.21705426171786568,0.21622288880211027
2018,-0.12425274679790665,-0.1054647074350038,-0.09579962838991984,-0.1271986240213494,-0.10212687559580891,-0.09340202984184176,-0.08303062298805963,-0.12767110991090824,-0.07663560822325277,-0.04316625201677804,-0.051872000292478626,-0.11660127644162477,-0.14648322124551583,-0.04569007507387901,0.030067558361288382
2019,0.35328461158268154,0.26305392122228244,0.38459041569107577,0.27673986960916586,0.2912217910482282,0.36994040515269133,0.4768891732536993,0.2163060358366371,0.3391511758549315,0.3277948331131655,0.35673934258059914,0.29623190594263327,0.39758102466937384,0.3122385964240093,0.10931534981324464
2020,0.17832298642505973,0.14780821801162203,0.07761297982895998,0.25964412751130483,0.2082501911152317,0.18113931851367493,0.12475262636871998,0.22278919165015765,0.1900367121333124,0.2159649710156042,0.17772798649106747,0.22875192669714273,0.18043977371051745,0.18331618822874285,0.023708587713852092
2021,0.3546822458906653,0.37733145028942383,0.39803375435256627,0.39473597690998297,0.3039632358129547,0.37679380761323644,0.3781127920747511,0.3579749077892571,0.30344773982140794,0.3280032791120895,0.30178493829428676,0.3491669193752778,0.288832443054422,0.2872875609211234,0.2895157040430558
2022,-0.11348267277265667,-0.1172886953869593,-0.11498778717408609,-0.2506320413106484,-0.07587325772029618,-0.11188234913247264,-0.09600533665119326,-0.23333772533436592,-0.056890454493280784,-0.07232425430948097,-0.059543897843807314,-0.19637882778080284,-0.1668261113421119,-0.1817536330819317,0.03311034747988084
2023,0.15889881811866124,0.19184351180407933,0.206703955061722,0.3955741203275467,0.17990896480955731,0.1993476530401812,0.20265852653099126,0.3085350283925721,0.17578672362053238,0.22239449318427806,0.27636013441573803,0.2604157558743734,0.23289895256265347,0.26175809256215166,0.15461317808128516
2024,0.0741267690164984,0.0968151647534119,0.09674669906506206,-0.09985076104771073,0.057247462081025935,0.06602300672962436,0.06495986805981224,-0.11187747851531149,0.022901247153952475,0.021629373512971783,0.005365425901457721,-0.056183444541197725,0.22691238210587628,0.24886467926331335,0.2709022433833732
2025,0.015071942979810515,0.03702122413942033,0.036353718331518126,0.03643566182400226,0.020786322473894003,0.03157744611526936,0.03392546628331372,0.051205555663934366,0.023454267874170043,0.040546518199270354,0.12632313416369767,0.09697381168339425,0.11383740487011718,0.1771905127643969,0.1089172150770894
2026,0.17293025556567398,0.13700976111830254,0.1357012846640031,0.14309352851845958,0.14950694832155742,0.13410085482264766,0.14178806028605728,0.22330566431592325,0.1388394535644777,0.1581018894072943,0.05674977025870653,0.1985852172566347,0.10639076101751099,0.14379241615632266,0.01671141748429883
